timestamp;id;rating;18_group;is_mi;fall_1;fall_2;fall_3;spring_1;spring_2;spring_3;is_first_time;percentile;17_group;blended;is_ml_student
2020-05-15 01:12:51;93ff79a51cd602f1dd3028ba2c129503;698;181;;Язык SQL;Высокопроизводительные вычисления;Матричные вычисления;Дискретная оптимизация;Численные методы;Машинное обучение 2;Да;0,183856502;;;
2020-05-15 02:46:48;26b01b1c4cd5656bab18d24c548834fb;647;181;;Высокопроизводительные вычисления;Безопасность компьютерных систем;Язык SQL;Дискретная оптимизация;Численные методы;Машинное обучение 2;Нет;0,426008969;;;
2020-05-15 03:12:41;30f3653fc176d54e89ac3179c455c6dd;624;185;;Безопасность компьютерных систем;Матричные вычисления;Моделирование временных рядов;Дискретная оптимизация;Машинное обучение 2;Численные методы;Да;0,538116592;;;
2020-05-15 04:43:09;1528f0eaa027580820ccf0d92a53ad68;579;182;;Statistical Learning Theory;Высокопроизводительные вычисления;Матричные вычисления;Дискретная оптимизация;Численные методы;Машинное обучение 2;Да;0,744394619;;;
2020-05-15 07:47:17;496ea4f0d4abe264b1bb1b80eb3830c5;572;183;;Высокопроизводительные вычисления;Безопасность компьютерных систем;Теория баз данных;Компьютерные сети;Дискретная оптимизация;Численные методы;Да;0,780269058;;;
2020-05-15 09:10:19;d0d8ff53ed5b119f9056068e954256c6;591;187;;Язык SQL;Statistical Learning Theory;Сбор и обработка данных с помощью краудсорсинга;Промышленное программирование на языке Java;Численные методы;Дискретная оптимизация;Да;0,69058296;;;
2020-05-15 11:42:17;e4caca755ee0bdd711e18fb8084958b5;724;181;;Statistical Learning Theory;Безопасность компьютерных систем;Моделирование временных рядов;Численные методы;Промышленное программирование на языке Java;Машинное обучение 2;Да;0,103139013;;;
2020-05-15 12:11:43;8047c18b3c531c6f47931e0744f3e028;566;187;;Язык SQL;Теория баз данных;Безопасность компьютерных систем;Промышленное программирование на языке Java;Компьютерные сети;Дискретная оптимизация;Да;0,802690583;;;
2020-05-15 13:21:41;e8b314842f176be9051d14a07cb156cb;618;181;;Язык SQL;Теория баз данных;Матричные вычисления;Промышленное программирование на языке Java;Компьютерные сети;Дискретная оптимизация;Да;0,565022422;;;
2020-05-15 13:29:11;d6c079f1ff869c8c84fa3ed30bd67e0e;733;181;;Теория баз данных;Высокопроизводительные вычисления;Сбор и обработка данных с помощью краудсорсинга;Дополнительные главы прикладной статистики;Анализ данных в бизнесе;Численные методы;Да;0,085201794;;;TRUE
2020-05-15 13:46:32;57c331c5a1b473501d86dfd23421bb5c;623;186;;Принятие решений в условиях риска и неопределённости;Моделирование временных рядов;Матричные вычисления;Анализ данных в бизнесе;Численные методы;Машинное обучение 2;Да;0,542600897;;;
2020-05-15 14:52:24;3de75278c0cdb78bbe54267f65c67d25;563;187;;Язык SQL;Теория баз данных;Сбор и обработка данных с помощью краудсорсинга;Промышленное программирование на языке Java;Системы баз данных;Анализ данных в бизнесе;Да;0,811659193;;;
2020-05-15 16:13:05;77c7b37ee521df16ccff23ba50c893d4;735;183;;Высокопроизводительные вычисления;Язык SQL;Безопасность компьютерных систем;Компьютерные сети;Промышленное программирование на языке Java;Машинное обучение 2;Да;0,076233184;;;
2020-05-15 16:19:15;23484c24b8d551a189015750171974cd;734;183;;Высокопроизводительные вычисления;Безопасность компьютерных систем;Теория баз данных;Компьютерные сети;Дискретная оптимизация;Машинное обучение 2;Да;0,080717489;;;
2020-05-15 16:46:01;105209181e880d891f19de83b4b1478d;706;183;;Безопасность компьютерных систем;Моделирование временных рядов;Принятие решений в условиях риска и неопределённости;Анализ данных в бизнесе;Дискретная оптимизация;Системы баз данных;Да;0,152466368;;;TRUE
2020-05-15 16:53:28;80a0660d40d5e2f3e3b9bb8a4383db74;662;183;;Statistical Learning Theory;Матричные вычисления;Моделирование временных рядов;Анализ данных в бизнесе;Дискретная оптимизация;Системы баз данных;Да;0,35426009;;;TRUE
2020-05-15 16:58:07;64173586abab6f7a172946c8c74bde0d;630;181;;Безопасность компьютерных систем;Высокопроизводительные вычисления;Язык SQL;Компьютерные сети;Промышленное программирование на языке Java;Дискретная оптимизация;Да;0,502242152;;;
2020-05-15 17:33:09;4b019ecb89626c8752a1d962b63c8a4b;669;185;;Язык SQL;Высокопроизводительные вычисления;Безопасность компьютерных систем;Компьютерные сети;Промышленное программирование на языке Java;Системы баз данных;Да;0,31838565;;;
2020-05-15 19:44:33;af20596134e83f3ca61259b325aa9688;519;182;;Statistical Learning Theory;Сбор и обработка данных с помощью краудсорсинга;Высокопроизводительные вычисления;Машинное обучение 2;Дополнительные главы прикладной статистики;Анализ данных в бизнесе;Да;0,97309417;;;
2020-05-15 21:34:33;86d929f6fd741e56e93cee5900298849;761;181;;Сбор и обработка данных с помощью краудсорсинга;Сбор и обработка данных с помощью краудсорсинга;Сбор и обработка данных с помощью краудсорсинга;Дополнительные главы прикладной статистики;Дополнительные главы прикладной статистики;Дополнительные главы прикладной статистики;Да;0,00896861;;;
2020-05-15 21:55:17;f0f6f3881894172a0f04e79b554b49e6;673;181;;Безопасность компьютерных систем;Сбор и обработка данных с помощью краудсорсинга;Принятие решений в условиях риска и неопределённости;Машинное обучение 2;Численные методы;Дополнительные главы прикладной статистики;Да;0,30044843;;;TRUE
2020-05-15 22:06:56;d3b992fe1016d7951d335db002d43dec;601;183;;Матричные вычисления;Высокопроизводительные вычисления;Безопасность компьютерных систем;Дискретная оптимизация;Численные методы;Компьютерные сети;Да;0,64573991;;;
2020-05-15 22:15:32;a65d50ef4fadfac64508a54e972d8623;626;184;;Высокопроизводительные вычисления;Безопасность компьютерных систем;Матричные вычисления;Дискретная оптимизация;Численные методы;Анализ данных в бизнесе;Да;0,52690583;;;
2020-05-15 22:30:32;a65d50ef4fadfac64508a54e972d8623;626;184;;Безопасность компьютерных систем;Высокопроизводительные вычисления;Матричные вычисления;Дискретная оптимизация;Численные методы;Анализ данных в бизнесе;Нет;0,52690583;;;
2020-05-15 22:41:52;cddf159101f9a5a30f9041ceebdb2835;651;181;;Безопасность компьютерных систем;Теория баз данных;Язык SQL;Дискретная оптимизация;Компьютерные сети;Системы баз данных;Да;0,408071749;;;
2020-05-15 22:58:11;d82c2df25b8b36cd655077b4a885e1f7;612;181;;Теория баз данных;Безопасность компьютерных систем;Язык SQL;Промышленное программирование на языке Java;Компьютерные сети;Дискретная оптимизация;Да;0,596412556;;;
2020-05-15 22:59:41;a0c56e8aa03ea6c1f5e8462914472075;751;182;;Сбор и обработка данных с помощью краудсорсинга;Statistical Learning Theory;Моделирование временных рядов;Дополнительные главы прикладной статистики;Дискретная оптимизация;Численные методы;Да;0,044843049;;;TRUE
2020-05-16 13:02:25;5daee1bd98559bb2c52373e416942225;593;182;;Сбор и обработка данных с помощью краудсорсинга;Statistical Learning Theory;Моделирование временных рядов;Машинное обучение 2;Промышленное программирование на языке Java;Анализ данных в бизнесе;Нет;0,68161435;;;TRUE
2020-05-16 14:40:48;64b63332f8e86fa32969cfe0c167dbea;684;186;;Сбор и обработка данных с помощью краудсорсинга;Statistical Learning Theory;Высокопроизводительные вычисления;Машинное обучение 2;Анализ данных в бизнесе;Промышленное программирование на языке Java;Нет;0,251121076;;;
2020-05-16 14:46:06;b121e4d7d62387cd5199cca464a34a6d;694;185;;Теория баз данных;Безопасность компьютерных систем;Язык SQL;Машинное обучение 2;Компьютерные сети;Промышленное программирование на языке Java;Да;0,204035874;;;
2020-05-16 15:01:06;b121e4d7d62387cd5199cca464a34a6d;694;185;;Безопасность компьютерных систем;Теория баз данных;Язык SQL;Машинное обучение 2;Компьютерные сети;Промышленное программирование на языке Java;Нет;0,204035874;;;
2020-05-16 17:44:55;7df351e9f3a719f6c29e811e2578fcc6;611;188;;Безопасность компьютерных систем;Высокопроизводительные вычисления;Язык SQL;Компьютерные сети;Системы баз данных;Машинное обучение 2;Да;0,600896861;;;
2020-05-16 19:23:31;c7f347b466ff14ec85103f61c4d6ff8e;640;187;;Язык SQL;Безопасность компьютерных систем;Теория баз данных;Машинное обучение 2;Машинное обучение 2;Промышленное программирование на языке Java;Да;0,457399103;;;
2020-05-16 20:46:40;73282cacef07625adb2f9b4e2d57240e;575;183;;Матричные вычисления;Язык SQL;Принятие решений в условиях риска и неопределённости;Дискретная оптимизация;Численные методы;Промышленное программирование на языке Java;Нет;0,762331839;;;
2020-05-16 21:06:51;9c656049fc55775bb9215d12aabf5881;594;187;;Язык SQL;Сбор и обработка данных с помощью краудсорсинга;Матричные вычисления;Промышленное программирование на языке Java;Анализ данных в бизнесе;Компьютерные сети;Да;0,677130045;;;TRUE
2020-05-16 21:11:40;2662600c2c37e11e62f6ee0b88452f22;627;182;1;Statistical Learning Theory;Сбор и обработка данных с помощью краудсорсинга;Принятие решений в условиях риска и неопределённости;Машинное обучение 2;Промышленное программирование на языке Java;Дополнительные главы прикладной статистики;Да;0,520179372;;;
2020-05-16 21:43:04;d37fe725a8ee1d1b263463baf7560fd4;748;184;;Безопасность компьютерных систем;Теория баз данных;Высокопроизводительные вычисления;Промышленное программирование на языке Java;Компьютерные сети;Дискретная оптимизация;Да;0,053811659;;;
2020-05-16 22:06:24;2ba0a356c95af4fe74272e708082086f;672;186;;Безопасность компьютерных систем;Statistical Learning Theory;Матричные вычисления;Дискретная оптимизация;Компьютерные сети;Системы баз данных;Да;0,304932735;;;TRUE
2020-05-16 23:32:45;e3d4f9a7b947ebc03d345dd9e14b5d2c;524;181;;Безопасность компьютерных систем;Высокопроизводительные вычисления;Матричные вычисления;Дискретная оптимизация;Машинное обучение 2;Компьютерные сети;Да;0,959641256;;;
2020-05-16 23:49:51;ab5248060fbaac411a79a62dfb0d263d;528;187;;Язык SQL;Безопасность компьютерных систем;Сбор и обработка данных с помощью краудсорсинга;Промышленное программирование на языке Java;Дополнительные главы прикладной статистики;Промышленное программирование на языке Java;Да;0,946188341;;;TRUE
2020-05-17 00:54:44;d38ebd0ba564ea88de8015e116f811c8;546;187;;Безопасность компьютерных систем;Высокопроизводительные вычисления;Язык SQL;Компьютерные сети;Промышленное программирование на языке Java;Дискретная оптимизация;Да;0,883408072;;;
2020-05-17 01:48:03;c97ab5cabace9f00673cc8384771aa9c;552;185;;Безопасность компьютерных систем;Теория баз данных;Язык SQL;Компьютерные сети;Промышленное программирование на языке Java;Машинное обучение 2;Да;0,860986547;;;
2020-05-17 10:27:38;9808df02cd92ed45df39e6bc748f3179;645;187;;Statistical Learning Theory;Моделирование временных рядов;Высокопроизводительные вычисления;Машинное обучение 2;Системы баз данных;Компьютерные сети;Да;0,434977578;;;
2020-05-17 12:04:23;b6bf56b8b8ffd1666036b0a8ca01c452;537;181;;Матричные вычисления;Язык SQL;Безопасность компьютерных систем;Компьютерные сети;Промышленное программирование на языке Java;Системы баз данных;Да;0,914798206;;;
2020-05-17 12:11:23;39cd1820459fdbcc193f9bb0ddb74a58;606;184;1;Безопасность компьютерных систем;Сбор и обработка данных с помощью краудсорсинга;Statistical Learning Theory;Машинное обучение 2;Промышленное программирование на языке Java;Анализ данных в бизнесе;Да;0,623318386;;;
2020-05-17 12:36:34;5d9c9087b5a851ecb6bba1bc916b684f;680;185;;Матричные вычисления;Принятие решений в условиях риска и неопределённости;Теория баз данных;Численные методы;Машинное обучение 2;Промышленное программирование на языке Java;Да;0,269058296;;;
2020-05-17 13:24:57;a37a88d97b12fe90dd83dd548866b2bb;701;186;;Сбор и обработка данных с помощью краудсорсинга;Безопасность компьютерных систем;Матричные вычисления;Промышленное программирование на языке Java;Компьютерные сети;Дискретная оптимизация;Да;0,174887892;;;TRUE
2020-05-17 14:04:41;34f75b81eb7b1cc9e9e4ef5bfd7fa69a;678;184;;Безопасность компьютерных систем;Моделирование временных рядов;Высокопроизводительные вычисления;Машинное обучение 2;Промышленное программирование на языке Java;Дополнительные главы прикладной статистики;Да;0,278026906;;;
2020-05-17 16:15:12;e5fb2c5a9d8a09915b15d14bf6cf3174;753;182;;Безопасность компьютерных систем;Матричные вычисления;Высокопроизводительные вычисления;Дискретная оптимизация;Компьютерные сети;Численные методы;Да;0,040358744;;;
2020-05-17 16:39:54;f8c83b338162bb41af2851b5e62f84d0;547;185;;Теория баз данных;Язык SQL;Безопасность компьютерных систем;Промышленное программирование на языке Java;Компьютерные сети;Дискретная оптимизация;Да;0,878923767;;;
2020-05-17 17:40:32;323f162a5cad5f11e84bf294dd73197e;605;188;;Безопасность компьютерных систем;Сбор и обработка данных с помощью краудсорсинга;Язык SQL;Машинное обучение 2;Анализ данных в бизнесе;Компьютерные сети;Да;0,627802691;;;
2020-05-17 18:21:14;28cd79966197dc97bafed62bc8c48bbd;589;182;;Моделирование временных рядов;Statistical Learning Theory;Язык SQL;Анализ данных в бизнесе;Системы баз данных;Дискретная оптимизация;Да;0,69955157;;;
2020-05-17 18:45:16;ef8c6afd958da5f51429948f090432da;522;183;;Сбор и обработка данных с помощью краудсорсинга;Высокопроизводительные вычисления;Матричные вычисления;Машинное обучение 2;Дискретная оптимизация;Численные методы;Да;0,964125561;;;
2020-05-17 20:06:13;c3c0a0524bae841e5f9a56cf967cd423;667;181;;Моделирование временных рядов;Язык SQL;Сбор и обработка данных с помощью краудсорсинга;Промышленное программирование на языке Java;Системы баз данных;Компьютерные сети;Да;0,32735426;;;TRUE
2020-05-17 20:42:33;9abd31fe9761b5abd56524915237c1ea;670;182;;Матричные вычисления;Statistical Learning Theory;Моделирование временных рядов;Дополнительные главы прикладной статистики;Анализ данных в бизнесе;Промышленное программирование на языке Java;Да;0,313901345;;;TRUE
2020-05-17 21:26:08;48ba69e4b13182a6d89499fd9a2c8f46;732;181;;Матричные вычисления;Теория баз данных;Statistical Learning Theory;Дискретная оптимизация;Промышленное программирование на языке Java;Численные методы;Да;0,089686099;;;TRUE
2020-05-17 23:48:54;447a377d20b3181f0436c72c19a48c37;741;184;;Безопасность компьютерных систем;Теория баз данных;Высокопроизводительные вычисления;Промышленное программирование на языке Java;Дискретная оптимизация;Компьютерные сети;Да;0,062780269;;;
2020-05-18 00:29:00;c84186d57fd935e228cdeddb0ce0bf2c;722;188;;Безопасность компьютерных систем;Сбор и обработка данных с помощью краудсорсинга;Моделирование временных рядов;Машинное обучение 2;Дискретная оптимизация;Промышленное программирование на языке Java;Да;0,112107623;;;
2020-05-18 01:12:34;17676f1d09ba15d060a7352e4308661a;622;184;;Безопасность компьютерных систем;Матричные вычисления;Язык SQL;Дискретная оптимизация;Компьютерные сети;Промышленное программирование на языке Java;Да;0,547085202;;;
2020-05-18 02:08:03;518a8ad312d0db47e23eeadf9f4220d1;711;185;;Безопасность компьютерных систем;Высокопроизводительные вычисления;Теория баз данных;Промышленное программирование на языке Java;Анализ данных в бизнесе;Дискретная оптимизация;Да;0,134529148;;;TRUE
2020-05-18 09:51:46;0f114e98d9f732aa51db34f687db2655;699;183;;Матричные вычисления;Высокопроизводительные вычисления;Безопасность компьютерных систем;Дискретная оптимизация;Численные методы;Дополнительные главы прикладной статистики;Да;0,179372197;;;
2020-05-18 09:55:05;796d174c592006376963b8f31e818dbf;655;186;;Моделирование временных рядов;Матричные вычисления;Принятие решений в условиях риска и неопределённости;Численные методы;Дополнительные главы прикладной статистики;Машинное обучение 2;Да;0,390134529;;;
2020-05-18 10:47:46;4add93dff84a52a0b3d690f07aa081d4;725;188;;Безопасность компьютерных систем;Высокопроизводительные вычисления;Сбор и обработка данных с помощью краудсорсинга;Дискретная оптимизация;Численные методы;Дополнительные главы прикладной статистики;Да;0,098654709;;;TRUE
2020-05-18 11:12:16;dcc2e3447043d6d70a90c9c924314695;703;186;;Сбор и обработка данных с помощью краудсорсинга;Теория баз данных;Высокопроизводительные вычисления;Промышленное программирование на языке Java;Дискретная оптимизация;Численные методы;Да;0,165919283;;;TRUE
2020-05-18 11:13:14;b8d4c538f6b47a1a692bec6c2f29152b;682;183;;Безопасность компьютерных систем;Высокопроизводительные вычисления;Язык SQL;Промышленное программирование на языке Java;Компьютерные сети;Системы баз данных;Да;0,260089686;;;
2020-05-18 11:41:45;59241a17fc6c01fa7d209ef20712d31c;588;184;;Моделирование временных рядов;Безопасность компьютерных систем;Матричные вычисления;Численные методы;Компьютерные сети;Дополнительные главы прикладной статистики;Да;0,704035874;;;
2020-05-18 12:17:33;1f53f6dabcd59889dd7486a7cac5c9f2;569;187;;Язык SQL;Матричные вычисления;Безопасность компьютерных систем;Компьютерные сети;Промышленное программирование на языке Java;Дополнительные главы прикладной статистики;Нет;0,789237668;;;
2020-05-18 12:41:05;348562c4a55053de25fdd4389b9f1181;650;186;;Моделирование временных рядов;Сбор и обработка данных с помощью краудсорсинга;Безопасность компьютерных систем;Компьютерные сети;Дополнительные главы прикладной статистики;Системы баз данных;Да;0,412556054;;;TRUE
2020-05-18 12:55:37;d61cc836b6aa3cdc4a40e2e8ada0b937;608;182;;Безопасность компьютерных систем;Высокопроизводительные вычисления;Язык SQL;Компьютерные сети;Промышленное программирование на языке Java;Машинное обучение 2;Нет;0,614349776;;;
2020-05-18 13:30:50;1eafb63c510c305e325bff51d246adb1;648;181;;Сбор и обработка данных с помощью краудсорсинга;Statistical Learning Theory;Безопасность компьютерных систем;Промышленное программирование на языке Java;Дополнительные главы прикладной статистики;Дискретная оптимизация;Да;0,421524664;;;TRUE
2020-05-18 14:18:19;d9f0e5ebc6718202b86eaee2de1c697b;531;186;;Матричные вычисления;Высокопроизводительные вычисления;Язык SQL;Компьютерные сети;Системы баз данных;Численные методы;Да;0,932735426;;;
2020-05-18 14:37:56;47a0391ff6ee0a09d11e595266a4b630;679;185;1;Матричные вычисления;Моделирование временных рядов;Язык SQL;Анализ данных в бизнесе;Численные методы;Промышленное программирование на языке Java;Да;0,273542601;;;
2020-05-18 14:44:20;fa4860bc719aadedbb00ba027067a8b7;642;187;;Безопасность компьютерных систем;Высокопроизводительные вычисления;Язык SQL;Компьютерные сети;Промышленное программирование на языке Java;Дискретная оптимизация;Да;0,448430493;;;
2020-05-18 15:03:42;c98c2ee69047bd8febea3ac2d1380bf9;602;185;;Теория баз данных;Принятие решений в условиях риска и неопределённости;Язык SQL;Анализ данных в бизнесе;Системы баз данных;Компьютерные сети;Да;0,641255605;;;
2020-05-18 16:11:15;635e9ca4fcf26a2bd38b8488a8edfca5;555;186;;Сбор и обработка данных с помощью краудсорсинга;Безопасность компьютерных систем;Язык SQL;Дополнительные главы прикладной статистики;Системы баз данных;Компьютерные сети;Да;0,847533632;;;TRUE
2020-05-18 16:45:06;081eba3952cfc116e0e9b941d6a974a2;692;182;;Безопасность компьютерных систем;Матричные вычисления;Теория баз данных;Промышленное программирование на языке Java;Дискретная оптимизация;Системы баз данных;Нет;0,215246637;;;TRUE
2020-05-18 16:47:43;014b72217e20370dab7acc48b20c47be;543;186;;Сбор и обработка данных с помощью краудсорсинга;Statistical Learning Theory;Матричные вычисления;Системы баз данных;Машинное обучение 2;Дискретная оптимизация;Да;0,892376682;;;
2020-05-18 16:55:17;ac3d08a6cc42a50f0ca53017b3ba5ba9;598;181;;Матричные вычисления;Язык SQL;Безопасность компьютерных систем;Компьютерные сети;Промышленное программирование на языке Java;Дискретная оптимизация;Да;0,659192825;;;
2020-05-18 17:00:35;04b88fcbe5ba58aa8369c7de5e574de0;719;181;;Безопасность компьютерных систем;Моделирование временных рядов;Высокопроизводительные вычисления;Дискретная оптимизация;Компьютерные сети;Промышленное программирование на языке Java;Да;0,121076233;;;
2020-05-18 17:01:49;9750aa503b095b9297e1a778d6c7cc95;576;186;1;Язык SQL;Теория баз данных;Принятие решений в условиях риска и неопределённости;Анализ данных в бизнесе;Системы баз данных;Дискретная оптимизация;Да;0,757847534;;;
2020-05-18 17:09:24;3e106aaef8b24dbb01319c73e14c2936;784;182;;Безопасность компьютерных систем;Statistical Learning Theory;Матричные вычисления;Дискретная оптимизация;Промышленное программирование на языке Java;Дополнительные главы прикладной статистики;Да;0;;;TRUE
2020-05-18 17:16:48;701078e1e897399f675e96bdda5fb149;636;188;1;Сбор и обработка данных с помощью краудсорсинга;Принятие решений в условиях риска и неопределённости;Теория баз данных;Промышленное программирование на языке Java;Машинное обучение 2;Анализ данных в бизнесе;Да;0,475336323;;;
2020-05-18 17:16:57;86eebda725013685effcb0c97591132e;690;186;;Безопасность компьютерных систем;Язык SQL;Матричные вычисления;Машинное обучение 2;Промышленное программирование на языке Java;Системы баз данных;Да;0,224215247;;;
2020-05-18 17:21:14;7f9d0f835bf734ccd4619041c3475c1c;689;182;;Безопасность компьютерных систем;Statistical Learning Theory;Матричные вычисления;Дискретная оптимизация;Дополнительные главы прикладной статистики;Промышленное программирование на языке Java;Нет;0,228699552;;;TRUE
2020-05-18 17:22:57;bfe75c08c6b7e31d4e7d48c9c5fed69b;758;182;;Безопасность компьютерных систем;Statistical Learning Theory;Матричные вычисления;Дискретная оптимизация;Промышленное программирование на языке Java;Дополнительные главы прикладной статистики;Да;0,022421525;;;TRUE
2020-05-18 17:32:12;651f2fa7d270b436246ddd7d05880bfa;755;182;;Теория баз данных;Моделирование временных рядов;Statistical Learning Theory;Дополнительные главы прикладной статистики;Численные методы;Системы баз данных;Да;0,035874439;;;TRUE
2020-05-18 17:51:56;9f23846141606a1e26e8e4c28e9a7262;527;187;;Безопасность компьютерных систем;Сбор и обработка данных с помощью краудсорсинга;Язык SQL;Компьютерные сети;Промышленное программирование на языке Java;Системы баз данных;Да;0,950672646;;;
2020-05-18 17:53:09;6b3d72def53597696afb19faed1f8365;641;187;;Statistical Learning Theory;Матричные вычисления;Моделирование временных рядов;Дискретная оптимизация;Численные методы;Машинное обучение 2;Да;0,452914798;;;
2020-05-18 17:56:01;044e038535ae5d2ff037150b77fdc6d1;710;182;;Безопасность компьютерных систем;Statistical Learning Theory;Матричные вычисления;Дискретная оптимизация;Промышленное программирование на языке Java;Дополнительные главы прикладной статистики;Да;0,139013453;;;TRUE
2020-05-18 18:01:53;fd784637a19d65bbe5b07d6efac5a05d;625;182;;Безопасность компьютерных систем;Statistical Learning Theory;Матричные вычисления;Машинное обучение 2;Дискретная оптимизация;Компьютерные сети;Да;0,533632287;;;
2020-05-18 18:02:11;25bd5b6bb000f48b8276cbb942537386;668;186;;Безопасность компьютерных систем;Высокопроизводительные вычисления;Statistical Learning Theory;Машинное обучение 2;Дискретная оптимизация;Системы баз данных;Да;0,322869955;;;
2020-05-18 18:03:57;e0ca1a9548af9a3f98428c62420aa484;764;182;;Матричные вычисления;Безопасность компьютерных систем;Statistical Learning Theory;Дискретная оптимизация;Дополнительные главы прикладной статистики;Машинное обучение 2;Да;0,004484305;;;
2020-05-18 18:06:29;6256514074c4680d1b14e4f2a863fd78;596;184;;Statistical Learning Theory;Язык SQL;Сбор и обработка данных с помощью краудсорсинга;Анализ данных в бизнесе;Численные методы;Дополнительные главы прикладной статистики;Да;0,668161435;;;
2020-05-18 18:18:00;1f63fc485d851236249263b91dc03d6b;756;181;;Statistical Learning Theory;Матричные вычисления;Безопасность компьютерных систем;Дискретная оптимизация;Дополнительные главы прикладной статистики;Промышленное программирование на языке Java;Да;0,031390135;;;TRUE
2020-05-18 18:24:10;425c2a90f447620c9a1868e92f0a7af6;760;182;;Сбор и обработка данных с помощью краудсорсинга;Язык SQL;Принятие решений в условиях риска и неопределённости;Промышленное программирование на языке Java;Дополнительные главы прикладной статистики;Анализ данных в бизнесе;Да;0,013452915;;;TRUE
2020-05-18 18:29:57;88ae08d9db8d34b267780ed642d0d2db;581;188;;Statistical Learning Theory;Матричные вычисления;Теория баз данных;Дискретная оптимизация;Численные методы;Промышленное программирование на языке Java;Да;0,735426009;;;
2020-05-18 18:30:23;cd8299f4173e8a509275b25787670ad2;704;181;;Безопасность компьютерных систем;Высокопроизводительные вычисления;Язык SQL;Дискретная оптимизация;Машинное обучение 2;Промышленное программирование на языке Java;Да;0,161434978;;;
2020-05-18 18:38:41;5ee2ad618729a6dc3bdb7f2858826ef0;628;185;;Язык SQL;Безопасность компьютерных систем;Теория баз данных;Компьютерные сети;Промышленное программирование на языке Java;Дискретная оптимизация;Да;0,513452915;;;
2020-05-18 18:53:41;5ee2ad618729a6dc3bdb7f2858826ef0;628;185;;Безопасность компьютерных систем;Язык SQL;Теория баз данных;Компьютерные сети;Промышленное программирование на языке Java;Дискретная оптимизация;Нет;0,513452915;;;
2020-05-18 18:55:40;32fea7beb180e7de64ad408013cc01ec;539;185;;Безопасность компьютерных систем;Язык SQL;Матричные вычисления;Компьютерные сети;Промышленное программирование на языке Java;Системы баз данных;Да;0,910313901;;;TRUE
2020-05-18 19:08:21;bf24738793f54467434ad78be13a42bf;693;184;;Безопасность компьютерных систем;Statistical Learning Theory;Матричные вычисления;Дополнительные главы прикладной статистики;Дискретная оптимизация;Промышленное программирование на языке Java;Да;0,210762332;;;TRUE
2020-05-18 19:09:01;f736e00dc03850c59649e77149895d5a;652;186;;Высокопроизводительные вычисления;Язык SQL;Безопасность компьютерных систем;Машинное обучение 2;Промышленное программирование на языке Java;Численные методы;Да;0,403587444;;;
2020-05-18 19:16:44;d08d06bc5d31e35616fafc59de6f2e34;691;185;;Безопасность компьютерных систем;Матричные вычисления;Моделирование временных рядов;Промышленное программирование на языке Java;Компьютерные сети;Дополнительные главы прикладной статистики;Да;0,219730942;;;TRUE
2020-05-18 19:23:24;ff549c331d45453052f28ad2614afda9;723;182;;Моделирование временных рядов;Теория баз данных;Матричные вычисления;Численные методы;Анализ данных в бизнесе;Промышленное программирование на языке Java;Да;0,107623318;;;
2020-05-18 19:23:38;76d70b75a12f7b2ae593d02da6ed62ec;688;186;;Безопасность компьютерных систем;Моделирование временных рядов;Сбор и обработка данных с помощью краудсорсинга;Компьютерные сети;Машинное обучение 2;Системы баз данных;Да;0,233183857;;;
2020-05-18 19:25:40;5a6f07c1f6186408b43f0f8e729168e9;632;186;;Моделирование временных рядов;Сбор и обработка данных с помощью краудсорсинга;Безопасность компьютерных систем;Компьютерные сети;Дополнительные главы прикладной статистики;Системы баз данных;Да;0,493273543;;;TRUE
2020-05-18 19:30:55;cc8e710c871ae8236b8b8705e6840793;559;185;;Безопасность компьютерных систем;Теория баз данных;Язык SQL;Компьютерные сети;Анализ данных в бизнесе;Машинное обучение 2;Да;0,834080717;;;
2020-05-18 19:34:58;8c191b9ac692c190f54e66167b0adc3e;620;184;;Statistical Learning Theory;Язык SQL;Принятие решений в условиях риска и неопределённости;Анализ данных в бизнесе;Дискретная оптимизация;Численные методы;Да;0,556053812;;;
2020-05-18 19:35:49;1c1623a037bd523d687245e6060e6c5b;595;187;;Сбор и обработка данных с помощью краудсорсинга;Язык SQL;Теория баз данных;Промышленное программирование на языке Java;Машинное обучение 2;Компьютерные сети;Да;0,67264574;;;
2020-05-18 19:36:10;d4c7805c20028b28a8e3713ccdeae2a1;702;187;;Матричные вычисления;Сбор и обработка данных с помощью краудсорсинга;Моделирование временных рядов;Дополнительные главы прикладной статистики;Дискретная оптимизация;Численные методы;Да;0,170403587;;;TRUE
2020-05-18 19:36:51;f5d9f99cb876ca0888d18b6e444fa1b1;516;187;;Сбор и обработка данных с помощью краудсорсинга;Язык SQL;Теория баз данных;Промышленное программирование на языке Java;Машинное обучение 2;Компьютерные сети;Нет;0,98206278;;;
2020-05-18 19:49:55;b3eb1cdc4beffbdd5b29a8d54d649bc0;731;185;;Безопасность компьютерных систем;Матричные вычисления;Моделирование временных рядов;Промышленное программирование на языке Java;Компьютерные сети;Дискретная оптимизация;Да;0,094170404;;;TRUE
2020-05-18 19:57:23;6f1c603284d031570af2e4be6c1afdcb;592;185;;Принятие решений в условиях риска и неопределённости;Высокопроизводительные вычисления;Язык SQL;Анализ данных в бизнесе;Компьютерные сети;Промышленное программирование на языке Java;Да;0,686098655;;;
2020-05-18 19:58:11;26e72efe2995eb032a25561b2bf78600;604;187;;Безопасность компьютерных систем;Высокопроизводительные вычисления;Моделирование временных рядов;Машинное обучение 2;Компьютерные сети;Системы баз данных;Да;0,632286996;;;
2020-05-18 20:03:04;a19f36ae8465cac527e8ce7b6ebf1213;541;183;;Язык SQL;Безопасность компьютерных систем;Теория баз данных;Промышленное программирование на языке Java;Компьютерные сети;Анализ данных в бизнесе;Да;0,901345291;;;
2020-05-18 20:18:51;ecc19831d7abd064f0488a9af2521920;580;186;;Язык SQL;Принятие решений в условиях риска и неопределённости;Теория баз данных;Системы баз данных;Анализ данных в бизнесе;Компьютерные сети;Да;0,739910314;;;
2020-05-18 20:21:28;2f8a48924249d2231659183d7654ed33;656;187;;Высокопроизводительные вычисления;Безопасность компьютерных систем;Statistical Learning Theory;Машинное обучение 2;Системы баз данных;Компьютерные сети;Да;0,385650224;;;
2020-05-18 20:21:47;6cd7de3774f07c65e44668cdf7e987b6;557;183;;Моделирование временных рядов;Язык SQL;Высокопроизводительные вычисления;Промышленное программирование на языке Java;Анализ данных в бизнесе;Системы баз данных;Да;0,843049327;;;TRUE
2020-05-18 20:26:39;2b0d7dd550bcca4c586cbb27d8478aa8;619;185;;Безопасность компьютерных систем;Сбор и обработка данных с помощью краудсорсинга;Матричные вычисления;Компьютерные сети;Промышленное программирование на языке Java;Анализ данных в бизнесе;Да;0,560538117;;;
2020-05-18 20:34:07;fc2c60b8004aa91bc272df84628621ff;639;183;;Язык SQL;Сбор и обработка данных с помощью краудсорсинга;Statistical Learning Theory;Системы баз данных;Машинное обучение 2;Анализ данных в бизнесе;Нет;0,461883408;;;TRUE
2020-05-18 20:47:03;bb94ed5af639819dac15574197c80da3;534;184;;Теория баз данных;Моделирование временных рядов;Принятие решений в условиях риска и неопределённости;Анализ данных в бизнесе;Численные методы;Системы баз данных;Да;0,923766816;;;
2020-05-18 20:47:29;5c49473012411a1eee72f8ea63767adf;573;183;;Язык SQL;Безопасность компьютерных систем;Теория баз данных;Промышленное программирование на языке Java;Компьютерные сети;Дискретная оптимизация;Да;0,773542601;;;
2020-05-18 20:48:03;59347ad5e9d8099a9a8fa58b841bdf05;708;184;1;Моделирование временных рядов;Теория баз данных;Принятие решений в условиях риска и неопределённости;Анализ данных в бизнесе;Численные методы;Системы баз данных;Да;0,143497758;;;
2020-05-18 20:50:49;5a6dfaade650ca8bb2d081342df303e8;549;185;;Безопасность компьютерных систем;Язык SQL;Матричные вычисления;Промышленное программирование на языке Java;Дополнительные главы прикладной статистики;Машинное обучение 2;Нет;0,869955157;;;
2020-05-18 20:50:53;72e79e6a79cb4025077b371cc6e54247;551;184;;Теория баз данных;Безопасность компьютерных систем;Statistical Learning Theory;Промышленное программирование на языке Java;Анализ данных в бизнесе;Численные методы;Да;0,865470852;;;
2020-05-18 20:57:10;42df9e301b39e4295fe849aa2abdfc7c;613;181;;Высокопроизводительные вычисления;Теория баз данных;Безопасность компьютерных систем;Промышленное программирование на языке Java;Компьютерные сети;Численные методы;Нет;0,591928251;;;
2020-05-18 21:02:29;5c49473012411a1eee72f8ea63767adf;573;183;;Безопасность компьютерных систем;Язык SQL;Теория баз данных;Промышленное программирование на языке Java;Компьютерные сети;Дискретная оптимизация;Нет;0,773542601;;;
2020-05-18 21:10:54;25a3ce0eea214df2aa6d25d395d594f0;644;183;;Моделирование временных рядов;Матричные вычисления;Язык SQL;Промышленное программирование на языке Java;Дополнительные главы прикладной статистики;Анализ данных в бизнесе;Да;0,439461883;;;
2020-05-18 21:12:00;be4fa2120de3397ae21eac38ff0060e3;502;187;;Безопасность компьютерных систем;Язык SQL;Матричные вычисления;Промышленное программирование на языке Java;Численные методы;Машинное обучение 2;Да;0,99103139;;;
2020-05-18 21:12:02;ffc58d371e2f52e1c7f45d49d3d629d0;659;187;;Сбор и обработка данных с помощью краудсорсинга;Матричные вычисления;Моделирование временных рядов;Системы баз данных;Промышленное программирование на языке Java;Дополнительные главы прикладной статистики;Да;0,369955157;;;TRUE
2020-05-18 21:12:30;ac4e2062ca444a506991c212bd2dd872;562;187;;Безопасность компьютерных систем;Язык SQL;Матричные вычисления;Промышленное программирование на языке Java;Анализ данных в бизнесе;Численные методы;Нет;0,816143498;;;
2020-05-18 21:13:09;9c2251ef9825947b98265e4bfa887bcf;658;188;;Безопасность компьютерных систем;Матричные вычисления;Statistical Learning Theory;Дискретная оптимизация;Промышленное программирование на языке Java;Компьютерные сети;Да;0,376681614;;;
2020-05-18 21:15:02;f0db08ec702a03450390efdca4166cc2;603;185;;Язык SQL;Матричные вычисления;Сбор и обработка данных с помощью краудсорсинга;Промышленное программирование на языке Java;Дискретная оптимизация;Компьютерные сети;Нет;0,6367713;;;TRUE
2020-05-18 21:15:59;a6ce02b12540bca3cdd15757f8a2e919;597;185;;Безопасность компьютерных систем;Сбор и обработка данных с помощью краудсорсинга;Матричные вычисления;Компьютерные сети;Промышленное программирование на языке Java;Анализ данных в бизнесе;Да;0,66367713;;;
2020-05-18 21:17:02;f3cc62fabaa597e8fe0b20ac2e6f46d3;742;182;;Безопасность компьютерных систем;Язык SQL;Теория баз данных;Промышленное программирование на языке Java;Дискретная оптимизация;Компьютерные сети;Да;0,058295964;;;TRUE
2020-05-18 21:19:51;feb53dcdd28fff9dc4a981c3419fea6f;521;186;1;Безопасность компьютерных систем;Язык SQL;Сбор и обработка данных с помощью краудсорсинга;Промышленное программирование на языке Java;Анализ данных в бизнесе;Машинное обучение 2;Нет;0,968609865;;;
2020-05-18 21:24:21;876b1fbacdfe36cb2e3927aea554b1ff;660;187;1;Моделирование временных рядов;Сбор и обработка данных с помощью краудсорсинга;Теория баз данных;Анализ данных в бизнесе;Системы баз данных;Промышленное программирование на языке Java;Да;0,3632287;;;
2020-05-18 21:24:24;6ed89e424179b0510e3f7c0cb7369ad6;558;187;;Моделирование временных рядов;Матричные вычисления;Язык SQL;Анализ данных в бизнесе;Промышленное программирование на языке Java;Машинное обучение 2;Да;0,838565022;;;TRUE
2020-05-18 21:26:52;e83471de8976e4fcfccf4ef417f07192;661;187;;Сбор и обработка данных с помощью краудсорсинга;Матричные вычисления;Моделирование временных рядов;Системы баз данных;Дополнительные главы прикладной статистики;Анализ данных в бизнесе;Да;0,358744395;;;
2020-05-18 21:27:02;ffc58d371e2f52e1c7f45d49d3d629d0;659;187;;Матричные вычисления;Сбор и обработка данных с помощью краудсорсинга;Моделирование временных рядов;Системы баз данных;Промышленное программирование на языке Java;Дополнительные главы прикладной статистики;Нет;0,369955157;;;TRUE
2020-05-18 21:31:55;aa21f50934a72e00bbc7e65a54ea0bcc;666;183;;Безопасность компьютерных систем;Высокопроизводительные вычисления;Матричные вычисления;Машинное обучение 2;Компьютерные сети;Дискретная оптимизация;Нет;0,331838565;;;
2020-05-18 21:34:22;f8fab519d78047712c06798c8b7fe38f;561;185;1;Теория баз данных;Моделирование временных рядов;Язык SQL;Промышленное программирование на языке Java;Машинное обучение 2;Компьютерные сети;Да;0,822869955;;;
2020-05-18 21:35:05;a69948a1730e412eab71a4d4e70791e2;663;188;;Моделирование временных рядов;Матричные вычисления;Язык SQL;Машинное обучение 2;Дополнительные главы прикладной статистики;Анализ данных в бизнесе;Да;0,349775785;;;
2020-05-18 21:36:31;2826fc94cd575c8f7b0a2416506e70e5;614;185;;Высокопроизводительные вычисления;Безопасность компьютерных систем;Теория баз данных;Дискретная оптимизация;Машинное обучение 2;Компьютерные сети;Да;0,587443946;;;
2020-05-18 21:36:53;9015b809a29fb65ce23d7addf16d770d;665;188;1;Моделирование временных рядов;Язык SQL;Матричные вычисления;Машинное обучение 2;Промышленное программирование на языке Java;Компьютерные сети;Да;0,338565022;;;
2020-05-18 21:38:00;b3e75ee2a708cef65cc2f80da894dd50;560;187;;Безопасность компьютерных систем;Моделирование временных рядов;Язык SQL;Анализ данных в бизнесе;Промышленное программирование на языке Java;Численные методы;Да;0,829596413;;;
2020-05-18 21:41:33;ea9d7e5f21ee102565b1437b26eb1144;582;183;;Язык SQL;Сбор и обработка данных с помощью краудсорсинга;Высокопроизводительные вычисления;Промышленное программирование на языке Java;Дополнительные главы прикладной статистики;Анализ данных в бизнесе;Да;0,730941704;;;
2020-05-18 21:44:47;760529fb42ad1fd50071e2ceeadaaedc;570;188;;Язык SQL;Сбор и обработка данных с помощью краудсорсинга;Моделирование временных рядов;Промышленное программирование на языке Java;Машинное обучение 2;Компьютерные сети;Нет;0,784753363;;;
2020-05-18 21:45:31;b8dab0479a00af2eb75deaf54dd9a442;697;188;1;Моделирование временных рядов;Язык SQL;Сбор и обработка данных с помощью краудсорсинга;Промышленное программирование на языке Java;Дополнительные главы прикладной статистики;Дискретная оптимизация;Да;0,188340807;;;
2020-05-18 21:47:06;9fa4bc4eb50e574e88b670a86781860b;600;188;;Язык SQL;Высокопроизводительные вычисления;Сбор и обработка данных с помощью краудсорсинга;Промышленное программирование на языке Java;Компьютерные сети;Машинное обучение 2;Нет;0,650224215;;;
2020-05-18 21:49:22;f8fab519d78047712c06798c8b7fe38f;561;185;1;Моделирование временных рядов;Теория баз данных;Язык SQL;Промышленное программирование на языке Java;Машинное обучение 2;Компьютерные сети;Нет;0,822869955;;;
2020-05-18 21:51:41;b6fcd3cdcbbd950b4207acb65ee12d03;737;182;;Безопасность компьютерных систем;Матричные вычисления;Язык SQL;Промышленное программирование на языке Java;Компьютерные сети;Дополнительные главы прикладной статистики;Да;0,071748879;;;TRUE
2020-05-18 21:51:53;9015b809a29fb65ce23d7addf16d770d;665;188;1;Язык SQL;Моделирование временных рядов;Матричные вычисления;Машинное обучение 2;Промышленное программирование на языке Java;Компьютерные сети;Нет;0,338565022;;;
2020-05-18 21:53:48;cabc5ea85cac3029dc2aecc4955f9cf3;686;182;;Безопасность компьютерных систем;Сбор и обработка данных с помощью краудсорсинга;Язык SQL;Дискретная оптимизация;Промышленное программирование на языке Java;Компьютерные сети;Да;0,242152466;;;TRUE
2020-05-18 21:54:54;ac2fd77f2ec0186c95f16e6721fd5998;533;184;;Безопасность компьютерных систем;Матричные вычисления;Сбор и обработка данных с помощью краудсорсинга;Системы баз данных;Компьютерные сети;Дополнительные главы прикладной статистики;Да;0,928251121;;;TRUE
2020-05-18 21:56:02;6257850b5decedd464341a5b763e3b4a;631;184;;Теория баз данных;Безопасность компьютерных систем;Моделирование временных рядов;Машинное обучение 2;Промышленное программирование на языке Java;Компьютерные сети;Да;0,497757848;;;
2020-05-18 21:57:40;7f8feb54319e52cb63ad437f4128a9d8;540;186;;Сбор и обработка данных с помощью краудсорсинга;Безопасность компьютерных систем;Язык SQL;Машинное обучение 2;Компьютерные сети;Системы баз данных;Да;0,905829596;;;
2020-05-18 21:59:29;f0f01fe07310ce6f403894eb624ac323;657;183;;Высокопроизводительные вычисления;Язык SQL;Принятие решений в условиях риска и неопределённости;Промышленное программирование на языке Java;Системы баз данных;Анализ данных в бизнесе;Нет;0,381165919;;;
2020-05-18 21:59:48;723d5f32b699c971b4095a017c883ffa;759;184;;Statistical Learning Theory;Безопасность компьютерных систем;Матричные вычисления;Дополнительные главы прикладной статистики;Дискретная оптимизация;Численные методы;Да;0,01793722;;;TRUE
2020-05-18 22:00:57;67e3336ac46b6030f7b25853154783c6;740;181;;Безопасность компьютерных систем;Высокопроизводительные вычисления;Матричные вычисления;Дискретная оптимизация;Машинное обучение 2;Системы баз данных;Да;0,067264574;;;
2020-05-18 22:05:04;1ed2386f4de225ae7aa6cfd5772d9c50;548;183;;Моделирование временных рядов;Сбор и обработка данных с помощью краудсорсинга;Матричные вычисления;Дополнительные главы прикладной статистики;Численные методы;Анализ данных в бизнесе;Да;0,874439462;;;
2020-05-18 22:08:12;00b40fe7dbfd23e5daba765244509415;542;187;;Безопасность компьютерных систем;Язык SQL;Матричные вычисления;Промышленное программирование на языке Java;Компьютерные сети;Анализ данных в бизнесе;Да;0,896860987;;;
2020-05-18 22:08:14;cfe9fd28e4cbe0b46594b21f3067e30a;553;188;;Язык SQL;Сбор и обработка данных с помощью краудсорсинга;Высокопроизводительные вычисления;Промышленное программирование на языке Java;Анализ данных в бизнесе;Системы баз данных;Да;0,856502242;;;
2020-05-18 22:09:23;f81cc449798c2d8971612dc9a749ad2a;637;186;;Высокопроизводительные вычисления;Язык SQL;Моделирование временных рядов;Компьютерные сети;Анализ данных в бизнесе;Дискретная оптимизация;Нет;0,470852018;;;
2020-05-18 22:09:59;dbcac463fe0b6294743107a9e74356c5;525;186;;Сбор и обработка данных с помощью краудсорсинга;Безопасность компьютерных систем;Моделирование временных рядов;Машинное обучение 2;Компьютерные сети;Промышленное программирование на языке Java;Нет;0,955156951;;;
2020-05-18 22:15:34;68f1b5165e9e310fcf920fb903117061;638;188;1;Моделирование временных рядов;Сбор и обработка данных с помощью краудсорсинга;Язык SQL;Промышленное программирование на языке Java;Анализ данных в бизнесе;Компьютерные сети;Да;0,466367713;;;
2020-05-18 22:15:41;b4f1f195bd1bc63490a7bc42275a71cd;536;187;;Высокопроизводительные вычисления;Безопасность компьютерных систем;Язык SQL;Компьютерные сети;Промышленное программирование на языке Java;Дискретная оптимизация;Да;0,919282511;;;
2020-05-18 22:17:11;54b211907aac0ebbb8f853ab1fc4eecb;676;185;;Сбор и обработка данных с помощью краудсорсинга;Безопасность компьютерных систем;Statistical Learning Theory;Машинное обучение 2;Системы баз данных;Промышленное программирование на языке Java;Да;0,286995516;;;
2020-05-18 22:20:36;c7544f6c00a5164efdef675410d62e94;586;183;;Язык SQL;Теория баз данных;Безопасность компьютерных систем;Промышленное программирование на языке Java;Дискретная оптимизация;Компьютерные сети;Да;0,713004484;;;
2020-05-18 22:24:55;f2ed8115db45ef795ced2701fa86515d;574;187;;Безопасность компьютерных систем;Высокопроизводительные вычисления;Statistical Learning Theory;Компьютерные сети;Системы баз данных;Машинное обучение 2;Да;0,766816143;;;
2020-05-18 22:29:14;40b18d40197e3db66312a026e06b8ff1;515;188;;Безопасность компьютерных систем;Язык SQL;Сбор и обработка данных с помощью краудсорсинга;Промышленное программирование на языке Java;Компьютерные сети;Анализ данных в бизнесе;Нет;0,986547085;;;
2020-05-18 22:32:20;851497aadac83e844753bb3b2163c79b;654;183;;Безопасность компьютерных систем;Высокопроизводительные вычисления;Язык SQL;Промышленное программирование на языке Java;Компьютерные сети;Системы баз данных;Да;0,394618834;;;
2020-05-18 22:35:46;ddea5295ac96e74f05982e47c7ab4ff4;607;185;;Моделирование временных рядов;Безопасность компьютерных систем;Сбор и обработка данных с помощью краудсорсинга;Промышленное программирование на языке Java;Машинное обучение 2;Анализ данных в бизнесе;Да;0,618834081;;;
2020-05-18 22:36:18;227347077a7d1d0544ddf5643b97cf8c;633;185;;Безопасность компьютерных систем;Сбор и обработка данных с помощью краудсорсинга;Матричные вычисления;Машинное обучение 2;Промышленное программирование на языке Java;Системы баз данных;Да;0,488789238;;;
2020-05-18 22:36:34;8aa0f1b7331b49464174b02cd693be52;567;187;;Язык SQL;Безопасность компьютерных систем;Теория баз данных;Компьютерные сети;Промышленное программирование на языке Java;Системы баз данных;Да;0,795964126;;;
2020-05-18 22:48:13;73fc0f1b300e6e49167b5f771586fe20;643;183;;Высокопроизводительные вычисления;Безопасность компьютерных систем;Язык SQL;Промышленное программирование на языке Java;Компьютерные сети;Системы баз данных;Да;0,443946188;;;
2020-05-18 22:51:34;8aa0f1b7331b49464174b02cd693be52;567;187;;Безопасность компьютерных систем;Язык SQL;Теория баз данных;Компьютерные сети;Промышленное программирование на языке Java;Системы баз данных;Нет;0,795964126;;;
2020-05-18 22:52:22;5d9b916c90c54a5cba29b2618a029e66;687;186;;Сбор и обработка данных с помощью краудсорсинга;Матричные вычисления;Безопасность компьютерных систем;Промышленное программирование на языке Java;Компьютерные сети;Дополнительные главы прикладной статистики;Да;0,237668161;;;TRUE
2020-05-18 22:56:28;6388c7920a7d454d2db81430f1f231c4;599;183;;Безопасность компьютерных систем;Матричные вычисления;Моделирование временных рядов;Промышленное программирование на языке Java;Компьютерные сети;Дискретная оптимизация;Да;0,65470852;;;
2020-05-18 23:01:03;abceddfa2fc4eae8cff4a4e712abb3fb;664;183;;Моделирование временных рядов;Принятие решений в условиях риска и неопределённости;Statistical Learning Theory;Машинное обучение 2;Промышленное программирование на языке Java;Дополнительные главы прикладной статистики;Да;0,34529148;;;TRUE
2020-05-18 23:02:55;6541d659f05e45043d1b65e98e16a718;681;182;;Безопасность компьютерных систем;Матричные вычисления;Язык SQL;Компьютерные сети;Промышленное программирование на языке Java;Дискретная оптимизация;Да;0,264573991;;;TRUE
2020-05-18 23:07:28;45bb9abd8d10c9b079317e6807b53ea9;677;183;;Высокопроизводительные вычисления;Язык SQL;Безопасность компьютерных систем;Компьютерные сети;Промышленное программирование на языке Java;Системы баз данных;Да;0,282511211;;;
2020-05-18 23:09:34;5a66e3b77559d14dd20fc4df99671688;564;183;;Язык SQL;Высокопроизводительные вычисления;Теория баз данных;Компьютерные сети;Промышленное программирование на языке Java;Дискретная оптимизация;Да;0,807174888;;;
2020-05-18 23:10:18;8a1162ce3c94d8974210a24f4b4f5f74;707;182;;Сбор и обработка данных с помощью краудсорсинга;Язык SQL;Безопасность компьютерных систем;Промышленное программирование на языке Java;Дополнительные главы прикладной статистики;Анализ данных в бизнесе;Да;0,147982063;;;TRUE
2020-05-18 23:10:31;3d67beeab64f7fe112a8d9e41efbe916;705;183;;Безопасность компьютерных систем;Сбор и обработка данных с помощью краудсорсинга;Язык SQL;Промышленное программирование на языке Java;Компьютерные сети;Дискретная оптимизация;Да;0,156950673;;;TRUE
2020-05-18 23:11:05;813663487952e66e7c39d29b0931206d;585;183;;Язык SQL;Высокопроизводительные вычисления;Теория баз данных;Компьютерные сети;Промышленное программирование на языке Java;Дискретная оптимизация;Да;0,717488789;;;
2020-05-18 23:20:28;86c24daaa62246142d46ee58534a65e0;530;184;;Моделирование временных рядов;Сбор и обработка данных с помощью краудсорсинга;Теория баз данных;Анализ данных в бизнесе;Численные методы;Системы баз данных;Да;0,939461883;;;
2020-05-18 23:22:00;1c91e6c5375cf4a1cba48bdca79f7a78;714;186;;Сбор и обработка данных с помощью краудсорсинга;Язык SQL;Матричные вычисления;Промышленное программирование на языке Java;Дополнительные главы прикладной статистики;Анализ данных в бизнесе;Да;0,130044843;;;TRUE
2020-05-18 23:25:19;a1184a8dbbf9a7418b634339bed7e9b1;629;183;;Сбор и обработка данных с помощью краудсорсинга;Язык SQL;Безопасность компьютерных систем;Компьютерные сети;Промышленное программирование на языке Java;Системы баз данных;Нет;0,506726457;;;
2020-05-18 23:30:27;7bf79897c5645954846e2e03ec803887;653;186;;Безопасность компьютерных систем;Язык SQL;Сбор и обработка данных с помощью краудсорсинга;Дискретная оптимизация;Компьютерные сети;Промышленное программирование на языке Java;Да;0,399103139;;;TRUE
2020-05-18 23:31:34;7e844607673355cefa63252f558b69cb;674;181;;Безопасность компьютерных систем;Высокопроизводительные вычисления;Теория баз данных;Компьютерные сети;Системы баз данных;Промышленное программирование на языке Java;Да;0,295964126;;;TRUE
2020-05-18 23:31:59;79d226799eb1a34d5083fcc0ca933952;720;187;;Безопасность компьютерных систем;Сбор и обработка данных с помощью краудсорсинга;Язык SQL;Промышленное программирование на языке Java;Компьютерные сети;Системы баз данных;Да;0,116591928;;;TRUE
2020-05-18 23:35:28;86c24daaa62246142d46ee58534a65e0;530;184;;Сбор и обработка данных с помощью краудсорсинга;Моделирование временных рядов;Теория баз данных;Анализ данных в бизнесе;Численные методы;Системы баз данных;Нет;0,939461883;;;
2020-05-18 23:38:11;f941beb89ecc5c59076bcfa79691116c;610;186;1;Теория баз данных;Принятие решений в условиях риска и неопределённости;Сбор и обработка данных с помощью краудсорсинга;Промышленное программирование на языке Java;Анализ данных в бизнесе;Системы баз данных;Да;0,605381166;;;
2020-05-18 23:38:35;162cbdeec1b766ab857df93cdf9d65f4;554;183;;Язык SQL;Сбор и обработка данных с помощью краудсорсинга;Матричные вычисления;Анализ данных в бизнесе;Промышленное программирование на языке Java;Машинное обучение 2;Да;0,852017937;;;
2020-05-18 23:40:13;addc4cb9d1641fa3f5dc02329c7e8d6c;671;185;;Моделирование временных рядов;Язык SQL;Теория баз данных;Машинное обучение 2;Промышленное программирование на языке Java;Численные методы;Да;0,30941704;;;
2020-05-18 23:40:41;47e2d8bbb630bc2d9b3fbf98fe77cffb;616;188;;Язык SQL;Сбор и обработка данных с помощью краудсорсинга;Высокопроизводительные вычисления;Компьютерные сети;Промышленное программирование на языке Java;Машинное обучение 2;Да;0,576233184;;;
2020-05-18 23:43:05;4ab8340cfb08da86c14a2cc3c3fad908;683;182;;Statistical Learning Theory;Безопасность компьютерных систем;Язык SQL;Дискретная оптимизация;Промышленное программирование на языке Java;Анализ данных в бизнесе;Да;0,255605381;;;TRUE
2020-05-18 23:43:49;2b844a1be49f4ed2d578fb50b752883b;685;184;;Безопасность компьютерных систем;Матричные вычисления;Высокопроизводительные вычисления;Дополнительные главы прикладной статистики;Дискретная оптимизация;Промышленное программирование на языке Java;Да;0,246636771;;;TRUE
2020-05-18 23:47:37;b75b5f8abebf7faf4adbb6247d6d03bb;590;184;1;Безопасность компьютерных систем;Statistical Learning Theory;Сбор и обработка данных с помощью краудсорсинга;Анализ данных в бизнесе;Компьютерные сети;Машинное обучение 2;Нет;0,695067265;;;
2020-05-18 23:48:02;95cf121698ebc89ac0cf74625d714d1d;696;183;;Безопасность компьютерных систем;Теория баз данных;Высокопроизводительные вычисления;Промышленное программирование на языке Java;Системы баз данных;Компьютерные сети;Да;0,192825112;;;
2020-05-18 23:51:25;bc4974fa622838af7586a7b67d1f3a28;617;188;;Высокопроизводительные вычисления;Язык SQL;Сбор и обработка данных с помощью краудсорсинга;Компьютерные сети;Промышленное программирование на языке Java;Машинное обучение 2;Да;0,569506726;;;
2020-05-18 23:53:19;d5557a9bcd58a786fa8d5aab48b82ddf;718;186;;Безопасность компьютерных систем;Моделирование временных рядов;Язык SQL;Компьютерные сети;Промышленное программирование на языке Java;Дискретная оптимизация;Нет;0,125560538;;;TRUE
2020-05-18 23:54:03;6a93b58f867db41e822a03c26c1bd428;577;188;;Сбор и обработка данных с помощью краудсорсинга;Принятие решений в условиях риска и неопределённости;Высокопроизводительные вычисления;Системы баз данных;Численные методы;Анализ данных в бизнесе;Да;0,753363229;;;
2020-05-18 23:55:41;47e2d8bbb630bc2d9b3fbf98fe77cffb;616;188;;Сбор и обработка данных с помощью краудсорсинга;Язык SQL;Высокопроизводительные вычисления;Компьютерные сети;Промышленное программирование на языке Java;Машинное обучение 2;Нет;0,576233184;;;
2020-05-18 23:55:55;5ab47e4eef1a7c1899da4da200049038;649;184;1;Моделирование временных рядов;Матричные вычисления;Принятие решений в условиях риска и неопределённости;Численные методы;Анализ данных в бизнесе;Дополнительные главы прикладной статистики;Да;0,417040359;;;
2020-05-18 23:59:29;f7f123322f77fd451a30ed4979c323fc;578;185;;Язык SQL;Безопасность компьютерных систем;Теория баз данных;Промышленное программирование на языке Java;Компьютерные сети;Системы баз данных;Нет;0,748878924;;;
2020-05-19 00:00:51;840e108d7366fbf4f985f267c74ad523;675;188;;Высокопроизводительные вычисления;Сбор и обработка данных с помощью краудсорсинга;Язык SQL;Компьютерные сети;Промышленное программирование на языке Java;Машинное обучение 2;Нет;0,291479821;;;
2020-05-19 00:09:12;efc406545c2b0e958ec89b4c1e4f7a28;615;187;;Безопасность компьютерных систем;Язык SQL;Высокопроизводительные вычисления;Системы баз данных;Компьютерные сети;Машинное обучение 2;Да;0,582959641;;;
2020-05-19 00:21:41;cef7df6fa798b759b2a5763b7d0c5d38;750;181;;Матричные вычисления;Statistical Learning Theory;Высокопроизводительные вычисления;Компьютерные сети;Дискретная оптимизация;Промышленное программирование на языке Java;Да;0,049327354;;;
2020-05-19 00:22:57;04f9a2dd035a040318ecd064959df3a0;757;182;;Безопасность компьютерных систем;Сбор и обработка данных с помощью краудсорсинга;Statistical Learning Theory;Промышленное программирование на языке Java;Компьютерные сети;Дискретная оптимизация;Да;0,02690583;;;TRUE
2020-05-19 00:23:19;c7f617262a8d9350bcbba27f6d65d86a;587;181;;Высокопроизводительные вычисления;Безопасность компьютерных систем;Язык SQL;Машинное обучение 2;Машинное обучение 2;Компьютерные сети;Нет;0,708520179;;;
2020-05-19 00:23:27;bbc73542db4946bde4d115b4dd944427;609;181;;Высокопроизводительные вычисления;Безопасность компьютерных систем;Язык SQL;Машинное обучение 2;Компьютерные сети;Дискретная оптимизация;Нет;0,609865471;;;
2020-05-19 01:06:34;b5548f676fbdd51ea08b8c3cc6c81105;583;188;;Безопасность компьютерных систем;Сбор и обработка данных с помощью краудсорсинга;Язык SQL;Компьютерные сети;Системы баз данных;Системы баз данных;Да;0,726457399;;;
2020-05-19 01:15:43;1386d00c9c8229c2be3c0956949ee122;545;181;;Statistical Learning Theory;Моделирование временных рядов;Сбор и обработка данных с помощью краудсорсинга;Машинное обучение 2;Дискретная оптимизация;Численные методы;Да;0,887892377;;;
2020-05-19 03:24:29;c154bbf18efdd4d760e52155eaa87929;635;185;1;Безопасность компьютерных систем;Сбор и обработка данных с помощью краудсорсинга;Высокопроизводительные вычисления;Компьютерные сети;Машинное обучение 2;Промышленное программирование на языке Java;Да;0,479820628;;;
2020-05-19 18:12:02;4d7035f3a6d0c55c4fbcf4031679545a;621;181;;Язык SQL;Statistical Learning Theory;Высокопроизводительные вычисления;Машинное обучение 2;Компьютерные сети;Анализ данных в бизнесе;Да;0,551569507;;;
2020-05-20 11:34:11;7a21ef645ecb42198be493dd65320e78;495;188;;Принятие решений в условиях риска и неопределённости;Язык SQL;Сбор и обработка данных с помощью краудсорсинга;Анализ данных в бизнесе;Промышленное программирование на языке Java;Дополнительные главы прикладной статистики;Да;0,995515695;;;
2020-05-20 11:49:39;bd416140ecdb32b6dbd7f40820bf63b1;518;185;;Безопасность компьютерных систем;Теория баз данных;Язык SQL;Машинное обучение 2;Компьютерные сети;Промышленное программирование на языке Java;Да;0,977578475;;;
2020-05-20 11:57:07;e6f5eb76b34e7ab7bac753e6cb0a2279;634;184;;Теория баз данных;Безопасность компьютерных систем;Моделирование временных рядов;Компьютерные сети;Промышленное программирование на языке Java;Анализ данных в бизнесе;Да;0,484304933;;;
2020-05-21 16:33:16;1341f488fae5f1ccf164960fd6506cd0;584;188;;Язык SQL;Теория баз данных;Безопасность компьютерных систем;Промышленное программирование на языке Java;Компьютерные сети;Системы баз данных;Да;0,721973094;;;
2020-05-24 01:21:32;04bcb5c9d23813ffa940e1febb27fadc;646;186;;Теория баз данных;Высокопроизводительные вычисления;Безопасность компьютерных систем;Компьютерные сети;Дискретная оптимизация;Машинное обучение 2;Нет;0,430493274;;;
2020-05-24 01:23:32;9d19b0d5f4fc8d7edc2258406f872c4e;695;188;;Безопасность компьютерных систем;Язык SQL;Высокопроизводительные вычисления;Компьютерные сети;Дискретная оптимизация;Численные методы;;0,197309417;;;
2020-05-14 20:23:22;d555d2805e1d93d4f023e57dc4c8f403;996;;;Безопасность компьютерных систем;Глубинное обучение в обработке звука;Байесовские методы машинного обучения;Компьютерное зрение;Обучение с подкреплением;Проектирование и разработка высоконагруженных сервисов;Да;0,963768116;172;DevOps;
2020-05-14 20:47:14;253bbe1a2021d0404712a1e4acd22939;1106;;;Безопасность компьютерных систем;Моделирование временных рядов;Statistical Learning Theory;Проектирование и разработка высоконагруженных сервисов;Численные методы;Методы сжатия и передачи медиаданных;Да;0,673913043;176;DevOps;
2020-05-14 20:52:43;881b1a6fda195b354ae2edb396a69f5d;1084;;;Безопасность компьютерных систем;Анализ неструктурированных данных;Глубинное обучение в обработке звука;Компьютерное зрение;Проектирование и разработка высоконагруженных сервисов;Генеративные модели в машинном обучении;Да;0,782608696;172;DevOps;
2020-05-14 21:03:03;5a9b8ac11ad05b39a58b0e04a263bf4c;1170;;;Глубинное обучение в обработке звука;Statistical Learning Theory;Сбор и обработка данных с помощью краудсорсинга;Конфликты и кооперация;Обучение с подкреплением;Генеративные модели в машинном обучении;Да;0,442028986;171;DevOps;
2020-05-14 21:10:55;1bbbfae51794b83c769b634be8da7b8d;1078;;;Безопасность компьютерных систем;Высокопроизводительные вычисления;Анализ неструктурированных данных;Проектирование и разработка высоконагруженных сервисов;Методы сжатия и передачи медиаданных;Конфликты и кооперация;Да;0,789855072;176;DevOps;
2020-05-14 21:10:58;8c3aa7371731bef999519c3de2c47423;1101;;;Безопасность компьютерных систем;Высокопроизводительные вычисления;Анализ неструктурированных данных;Проектирование и разработка высоконагруженных сервисов;Методы сжатия и передачи медиаданных;Конфликты и кооперация;Да;0,695652174;176;DevOps;
2020-05-14 21:11:10;1b7e1b30238f393811a2b48c6f6a060f;1129;;;Высокопроизводительные вычисления;Безопасность компьютерных систем;Сбор и обработка данных с помощью краудсорсинга;Проектирование и разработка высоконагруженных сервисов;Методы сжатия и передачи медиаданных;Компьютерное зрение;Да;0,594202899;175;DevOps;
2020-05-14 21:22:23;d670dfbe253658a4e427a5569c59de9e;1209;;;Высокопроизводительные вычисления;Безопасность компьютерных систем;Принятие решений в условиях риска и неопределённости;Проектирование и разработка высоконагруженных сервисов;Методы сжатия и передачи медиаданных;Конфликты и кооперация;Да;0,268115942;175;DevOps;
2020-05-14 21:52:44;3a7326c9e355a67d3805824ca34c4bc5;1457;;;Statistical Learning Theory;Высокопроизводительные вычисления;Statistical Learning Theory;Символьные вычисления;Численные методы;Символьные вычисления;Да;0;173;Введение в дифференциальную геометрию;
2020-05-14 22:00:51;2ca6917be428f8b84f6f15cdcbea2143;1071;;;Анализ неструктурированных данных;Глубинное обучение в обработке звука;Высокопроизводительные вычисления;Проектирование и разработка высоконагруженных сервисов;Обучение с подкреплением;Генеративные модели в машинном обучении;Да;0,81884058;172;DevOps;
2020-05-14 22:14:40;3e88c8d53bcd73595d2bbcdd8c51c1bf;1118;;;Байесовские методы машинного обучения;Сбор и обработка данных с помощью краудсорсинга;Анализ неструктурированных данных;Компьютерное зрение;Проектирование и разработка высоконагруженных сервисов;Обучение с подкреплением;Да;0,637681159;172;DevOps;
2020-05-14 22:44:48;308ec2ced0092de5474a1a8f4c0bfcfd;1237;;;Высокопроизводительные вычисления;Безопасность компьютерных систем;Моделирование временных рядов;Проектирование и разработка высоконагруженных сервисов;Методы сжатия и передачи медиаданных;Численные методы;Да;0,188405797;175;DevOps;
2020-05-14 22:53:33;8e8d87fd686122d2c061d7b1eea2d3c5;1217;;;Безопасность компьютерных систем;Высокопроизводительные вычисления;Сбор и обработка данных с помощью краудсорсинга;Проектирование и разработка высоконагруженных сервисов;Методы сжатия и передачи медиаданных;Генеративные модели в машинном обучении;Да;0,253623188;175;DevOps;
2020-05-14 22:57:27;5d1deb0ae3a69348a018881ac785fd90;1066;;;Высокопроизводительные вычисления;Безопасность компьютерных систем;Statistical Learning Theory;Методы сжатия и передачи медиаданных;Символьные вычисления;Компьютерное зрение;Да;0,826086957;173;DevOps;
2020-05-14 23:16:27;e242616383e4cb90672c3dbcf146bf3b;1273;;;Безопасность компьютерных систем;Сбор и обработка данных с помощью краудсорсинга;Глубинное обучение в обработке звука;Проектирование и разработка высоконагруженных сервисов;Методы сжатия и передачи медиаданных;Компьютерное зрение;Да;0,115942029;176;DevOps;
2020-05-14 23:31:45;e22f8203911170e6b68b1b88cf85fee2;1247;;;Высокопроизводительные вычисления;Безопасность компьютерных систем;Моделирование временных рядов;Проектирование и разработка высоконагруженных сервисов;Методы сжатия и передачи медиаданных;Численные методы;Да;0,152173913;175;Введение в дифференциальную геометрию;
2020-05-14 23:33:21;e0fceae1e285f737630bb6123a1bd85d;1203;;;Высокопроизводительные вычисления;Высокопроизводительные вычисления;Высокопроизводительные вычисления;Проектирование и разработка высоконагруженных сервисов;Проектирование и разработка высоконагруженных сервисов;Символьные вычисления;Да;0,311594203;173;DevOps;
2020-05-14 23:33:27;276e2ccf4903d4ddf856b20a2b08394e;1123;;;Байесовские методы машинного обучения;Statistical Learning Theory;Глубинное обучение в обработке звука;Конфликты и кооперация;Обучение с подкреплением;Символьные вычисления;Да;0,623188406;173;Введение в дифференциальную геометрию;
2020-05-15 13:37:31;ea682b140a15d40156a00aaf0234a91e;1172;;;Анализ неструктурированных данных;Глубинное обучение в обработке звука;Байесовские методы машинного обучения;Обучение с подкреплением;Проектирование и разработка высоконагруженных сервисов;Генеративные модели в машинном обучении;Да;0,434782609;175;Соревновательный анализ данных;
2020-05-15 14:40:09;e6f751a81ab2d5197e8237a96656144d;1047;;;Высокопроизводительные вычисления;Statistical Learning Theory;Моделирование временных рядов;Проектирование и разработка высоконагруженных сервисов;Численные методы;Компьютерное зрение;Да;0,884057971;176;Соревновательный анализ данных;
2020-05-15 22:45:38;594c54bb30547b44c9cc617aa2754f10;1293;;;Безопасность компьютерных систем;Моделирование временных рядов;Высокопроизводительные вычисления;Методы сжатия и передачи медиаданных;Компьютерное зрение;Проектирование и разработка высоконагруженных сервисов;Да;0,072463768;174;DevOps;
2020-05-15 23:07:20;492c677be00bb8223ebbaffa3aff2549;1216;;;Безопасность компьютерных систем;Анализ неструктурированных данных;Глубинное обучение в обработке звука;Проектирование и разработка высоконагруженных сервисов;Генеративные модели в машинном обучении;Обучение с подкреплением;Да;0,260869565;173;DevOps;
2020-05-16 01:07:59;180cf0e0dc7a6f88e76e3076cb761d26;1051;;;Безопасность компьютерных систем;Высокопроизводительные вычисления;Сбор и обработка данных с помощью краудсорсинга;Проектирование и разработка высоконагруженных сервисов;Конфликты и кооперация;Численные методы;Да;0,869565217;177;DevOps;
2020-05-16 13:41:15;e86ac9984ebea336a2a71b6bd9929702;1240;;;Statistical Learning Theory;Байесовские методы машинного обучения;Высокопроизводительные вычисления;Символьные вычисления;Компьютерное зрение;Проектирование и разработка высоконагруженных сервисов;Да;0,173913043;173;Введение в дифференциальную геометрию;
2020-05-16 22:20:51;93c0280966ae263fe26c5d78f719f2ae;1265;;;Анализ неструктурированных данных;Байесовские методы машинного обучения;Моделирование временных рядов;Генеративные модели в машинном обучении;Компьютерное зрение;Обучение с подкреплением;Да;0,130434783;171;Соревновательный анализ данных;
2020-05-17 03:06:54;fc833a2815fa010d53b0047244438d9d;1250;;;Statistical Learning Theory;Байесовские методы машинного обучения;Моделирование временных рядов;Символьные вычисления;Компьютерное зрение;Конфликты и кооперация;Да;0,144927536;173;Введение в дифференциальную геометрию;
2020-05-17 11:16:47;1a45910254951a8a55dd65cf4dc24b6d;1206;;;Анализ неструктурированных данных;Байесовские методы машинного обучения;Statistical Learning Theory;Компьютерное зрение;Обучение с подкреплением;Проектирование и разработка высоконагруженных сервисов;Да;0,282608696;171;Соревновательный анализ данных;
2020-05-17 11:31:43;b3cbd3541c0cf66ff4eb2bc1596bb149;1333;;;Байесовские методы машинного обучения;Statistical Learning Theory;Моделирование временных рядов;Символьные вычисления;Обучение с подкреплением;Генеративные модели в машинном обучении;Да;0,02173913;173;Соревновательный анализ данных;
2020-05-17 13:02:47;82bc94a50a6c08a67ad9bf3d9791c459;1199;;;Моделирование временных рядов;Безопасность компьютерных систем;Анализ неструктурированных данных;Численные методы;Компьютерное зрение;Обучение с подкреплением;Да;0,34057971;175;Введение в дифференциальную геометрию;
2020-05-17 14:16:14;e11399490117e1913ae79d09a5a2b981;1053;;;Анализ неструктурированных данных;Глубинное обучение в обработке звука;Высокопроизводительные вычисления;Обучение с подкреплением;Проектирование и разработка высоконагруженных сервисов;Компьютерное зрение;Да;0,855072464;172;DevOps;
2020-05-17 14:35:15;a31027b4218c8cca257f9b9cd07791d2;1032;;;Анализ неструктурированных данных;Сбор и обработка данных с помощью краудсорсинга;Безопасность компьютерных систем;Обучение с подкреплением;Конфликты и кооперация;Компьютерное зрение;Да;0,913043478;172;DevOps;
2020-05-17 14:43:13;fc8b84c5df1ea8bf6e5da51945124d57;1204;;;Байесовские методы машинного обучения;Высокопроизводительные вычисления;Анализ неструктурированных данных;Проектирование и разработка высоконагруженных сервисов;Обучение с подкреплением;Компьютерное зрение;Да;0,304347826;171;DevOps;
2020-05-17 14:54:06;674d6e333a907d65780e9618436f1952;1098;;;Байесовские методы машинного обучения;Анализ неструктурированных данных;Сбор и обработка данных с помощью краудсорсинга;Обучение с подкреплением;Компьютерное зрение;Генеративные модели в машинном обучении;Да;0,710144928;172;DevOps;
2020-05-17 14:56:24;71c8f779c794a59d749092a11a350557;1128;;;Безопасность компьютерных систем;Глубинное обучение в обработке звука;Моделирование временных рядов;Обучение с подкреплением;Методы сжатия и передачи медиаданных;Компьютерное зрение;Да;0,601449275;172;DevOps;
2020-05-17 15:30:41;906692ccd33f59058380aac1598c5480;1143;;;Байесовские методы машинного обучения;Анализ неструктурированных данных;Глубинное обучение в обработке звука;Обучение с подкреплением;Генеративные модели в машинном обучении;Компьютерное зрение;Да;0,547101449;172;DevOps;
2020-05-17 15:43:40;7134f24c241836458335aa3abb8d8727;1089;;;Сбор и обработка данных с помощью краудсорсинга;Анализ неструктурированных данных;Глубинное обучение в обработке звука;Обучение с подкреплением;Компьютерное зрение;Генеративные модели в машинном обучении;Да;0,746376812;172;DevOps;
2020-05-17 15:55:41;906692ccd33f59058380aac1598c5480;1143;;;Анализ неструктурированных данных;Байесовские методы машинного обучения;Глубинное обучение в обработке звука;Обучение с подкреплением;Генеративные модели в машинном обучении;Компьютерное зрение;Нет;0,547101449;172;DevOps;
2020-05-17 16:08:18;757ce29d3647ee4aff21bc1a62849805;1181;;;Глубинное обучение в обработке звука;Анализ неструктурированных данных;Байесовские методы машинного обучения;Обучение с подкреплением;Проектирование и разработка высоконагруженных сервисов;Методы сжатия и передачи медиаданных;Да;0,413043478;171;Соревновательный анализ данных;
2020-05-17 16:17:12;2e04f9bc8796f095ed7b9c7941df91a6;1077;;;Сбор и обработка данных с помощью краудсорсинга;Анализ неструктурированных данных;Глубинное обучение в обработке звука;Обучение с подкреплением;Конфликты и кооперация;Компьютерное зрение;Да;0,797101449;172;Соревновательный анализ данных;
2020-05-17 16:35:49;976376a468b8f4d1e3c48f7acb29c2e4;1167;;;Байесовские методы машинного обучения;Анализ неструктурированных данных;Глубинное обучение в обработке звука;Обучение с подкреплением;Генеративные модели в машинном обучении;Компьютерное зрение;Да;0,449275362;171;Соревновательный анализ данных;
2020-05-17 17:59:12;c39a1776d2509b6383ab9a7af9cba0ca;1162;;;Анализ неструктурированных данных;Сбор и обработка данных с помощью краудсорсинга;Глубинное обучение в обработке звука;Обучение с подкреплением;Компьютерное зрение;Конфликты и кооперация;Да;0,47826087;171;DevOps;
2020-05-17 18:04:40;c1e88502b6673d22c38ee1352e3a1dd9;985;;;Анализ неструктурированных данных;Моделирование временных рядов;Сбор и обработка данных с помощью краудсорсинга;Обучение с подкреплением;Компьютерное зрение;Генеративные модели в машинном обучении;Да;0,971014493;172;Соревновательный анализ данных;
2020-05-17 18:29:45;bba51e2f648cb3323b96858a404dacea;1052;;;Сбор и обработка данных с помощью краудсорсинга;Моделирование временных рядов;Анализ неструктурированных данных;Методы сжатия и передачи медиаданных;Обучение с подкреплением;Численные методы;Да;0,862318841;172;Соревновательный анализ данных;
2020-05-17 19:44:23;d028e00edda581b07bcbe6b841e6dc39;1242;;;Байесовские методы машинного обучения;Анализ неструктурированных данных;Глубинное обучение в обработке звука;Обучение с подкреплением;Генеративные модели в машинном обучении;Компьютерное зрение;Да;0,166666667;171;DevOps;
2020-05-17 22:08:58;840716fde17a536f5e067546ab49a8a7;1325;;;Байесовские методы машинного обучения;Глубинное обучение в обработке звука;Анализ неструктурированных данных;Генеративные модели в машинном обучении;Компьютерное зрение;Обучение с подкреплением;Да;0,028985507;171;DevOps;
2020-05-17 23:01:57;c93289511bf5625a199d4ae9b889a06a;1159;;;Байесовские методы машинного обучения;Statistical Learning Theory;Сбор и обработка данных с помощью краудсорсинга;Обучение с подкреплением;Компьютерное зрение;Численные методы;Да;0,492753623;171;Соревновательный анализ данных;
2020-05-18 00:11:46;2d23e58ee8e952b48da12adcb71f2db0;1138;;;Анализ неструктурированных данных;Глубинное обучение в обработке звука;Безопасность компьютерных систем;Обучение с подкреплением;Методы сжатия и передачи медиаданных;Компьютерное зрение;Да;0,565217391;171;DevOps;
2020-05-18 10:22:58;db450211a009799155ed6494957be8c7;1183;;;Анализ неструктурированных данных;Глубинное обучение в обработке звука;Сбор и обработка данных с помощью краудсорсинга;Обучение с подкреплением;Проектирование и разработка высоконагруженных сервисов;Методы сжатия и передачи медиаданных;Да;0,398550725;172;DevOps;
2020-05-18 10:52:38;d81070e804b5757d118efba759e707e8;1228;;;Байесовские методы машинного обучения;Анализ неструктурированных данных;Сбор и обработка данных с помощью краудсорсинга;Обучение с подкреплением;Компьютерное зрение;Проектирование и разработка высоконагруженных сервисов;Да;0,217391304;171;DevOps;
2020-05-18 11:19:44;ce2a9120d5581dcd8bd0d6252918c9ec;1100;;;Statistical Learning Theory;Моделирование временных рядов;Глубинное обучение в обработке звука;Компьютерное зрение;Символьные вычисления;Методы сжатия и передачи медиаданных;Да;0,702898551;173;Соревновательный анализ данных;
2020-05-18 12:39:48;7fe7df0d207babbf30249b3063ac1f26;1365;;;Высокопроизводительные вычисления;Сбор и обработка данных с помощью краудсорсинга;Моделирование временных рядов;Проектирование и разработка высоконагруженных сервисов;Методы сжатия и передачи медиаданных;Методы сжатия и передачи медиаданных;Да;0,007246377;175;DevOps;
2020-05-18 12:40:49;5d76b97bcf684f8a1ec03057dd94d416;1257;;;Высокопроизводительные вычисления;Сбор и обработка данных с помощью краудсорсинга;Моделирование временных рядов;Проектирование и разработка высоконагруженных сервисов;Методы сжатия и передачи медиаданных;Методы сжатия и передачи медиаданных;Да;0,137681159;175;DevOps;
2020-05-18 12:49:52;df4d59dca630b474f77b0103cac53b52;1246;;;Высокопроизводительные вычисления;Безопасность компьютерных систем;Анализ неструктурированных данных;Проектирование и разработка высоконагруженных сервисов;Методы сжатия и передачи медиаданных;Конфликты и кооперация;Да;0,15942029;175;DevOps;
2020-05-18 13:07:09;29d0fcf21c4db938fae688bb09078f8d;1166;;;Сбор и обработка данных с помощью краудсорсинга;Анализ неструктурированных данных;Глубинное обучение в обработке звука;Конфликты и кооперация;Обучение с подкреплением;Компьютерное зрение;Да;0,456521739;172;Соревновательный анализ данных;
2020-05-18 13:24:27;4df9699d2022802f80b3e6426d6976d7;1276;;;Безопасность компьютерных систем;Statistical Learning Theory;Моделирование временных рядов;Компьютерное зрение;Проектирование и разработка высоконагруженных сервисов;Методы сжатия и передачи медиаданных;Да;0,108695652;173;Введение в дифференциальную геометрию;
2020-05-18 13:31:46;9775834d44b69d181c5fb0c0af57c783;1231;;;Байесовские методы машинного обучения;Анализ неструктурированных данных;Глубинное обучение в обработке звука;Обучение с подкреплением;Генеративные модели в машинном обучении;Компьютерное зрение;Да;0,210144928;171;DevOps;
2020-05-18 13:43:48;6ef08b5cfd42ecdd713466cb4b7b41b7;1139;;;Высокопроизводительные вычисления;Безопасность компьютерных систем;Моделирование временных рядов;Конфликты и кооперация;Проектирование и разработка высоконагруженных сервисов;Методы сжатия и передачи медиаданных;Да;0,557971014;176;DevOps;
2020-05-18 13:51:01;c749f69f66d40cdfb3821745951be896;1017;;;Анализ неструктурированных данных;Сбор и обработка данных с помощью краудсорсинга;Моделирование временных рядов;Обучение с подкреплением;Проектирование и разработка высоконагруженных сервисов;Компьютерное зрение;Да;0,934782609;172;DevOps;
2020-05-18 14:29:51;fecff7bd30995d16b59fb392d47b3760;1278;;;Анализ неструктурированных данных;Безопасность компьютерных систем;Байесовские методы машинного обучения;Обучение с подкреплением;Компьютерное зрение;Генеративные модели в машинном обучении;Да;0,094202899;171;DevOps;
2020-05-18 14:34:20;15163c0c088c0ba42e1c77c9f3eabc81;1235;;;Глубинное обучение в обработке звука;Сбор и обработка данных с помощью краудсорсинга;Моделирование временных рядов;Конфликты и кооперация;Методы сжатия и передачи медиаданных;Символьные вычисления;Да;0,202898551;177;Введение в дифференциальную геометрию;
2020-05-18 14:55:38;0d85933f07516e8871e9415c1d95ddbe;1202;;;Высокопроизводительные вычисления;Высокопроизводительные вычисления;Высокопроизводительные вычисления;Методы сжатия и передачи медиаданных;Проектирование и разработка высоконагруженных сервисов;Методы сжатия и передачи медиаданных;Да;0,31884058;175;DevOps;
2020-05-18 15:11:26;f36d508e6129c7b248cc707b71c2a551;1184;;;Statistical Learning Theory;Сбор и обработка данных с помощью краудсорсинга;Байесовские методы машинного обучения;Компьютерное зрение;Генеративные модели в машинном обучении;Численные методы;Да;0,391304348;171;Соревновательный анализ данных;
2020-05-18 15:22:12;a207faa550aba9ebf30537be445012cc;1238;;;Глубинное обучение в обработке звука;Безопасность компьютерных систем;Высокопроизводительные вычисления;Проектирование и разработка высоконагруженных сервисов;Обучение с подкреплением;Компьютерное зрение;Да;0,18115942;175;DevOps;
2020-05-18 15:27:12;5bb63d6635c5f4c530b727fe1d6d84bf;1178;;;Глубинное обучение в обработке звука;Высокопроизводительные вычисления;Безопасность компьютерных систем;Методы сжатия и передачи медиаданных;Конфликты и кооперация;Численные методы;Да;0,420289855;176;DevOps;
2020-05-18 17:26:18;8cc921fb155319d983cf72e9a6e8caa8;1201;;;Statistical Learning Theory;Высокопроизводительные вычисления;Байесовские методы машинного обучения;Проектирование и разработка высоконагруженных сервисов;Методы сжатия и передачи медиаданных;Символьные вычисления;Да;0,326086957;173;Введение в дифференциальную геометрию;
2020-05-18 17:29:43;1da702d51a0a1829bb1bc33011aec5f0;1148;;;Statistical Learning Theory;Байесовские методы машинного обучения;Безопасность компьютерных систем;Проектирование и разработка высоконагруженных сервисов;Компьютерное зрение;Символьные вычисления;Да;0,52173913;173;Введение в дифференциальную геометрию;
2020-05-18 18:01:57;39e61b4b01ae9201a1e0f89e36e7882e;1277;;;Высокопроизводительные вычисления;Сбор и обработка данных с помощью краудсорсинга;Statistical Learning Theory;Проектирование и разработка высоконагруженных сервисов;Методы сжатия и передачи медиаданных;Компьютерное зрение;Да;0,101449275;175;DevOps;
2020-05-18 18:04:19;93da3d13e0ae40a97367b0c16d497399;1090;;;Принятие решений в условиях риска и неопределённости;Моделирование временных рядов;Глубинное обучение в обработке звука;Конфликты и кооперация;Методы сжатия и передачи медиаданных;Символьные вычисления;Да;0,739130435;177;Введение в дифференциальную геометрию;
2020-05-18 18:13:36;c976c868dd660e792ab82ba8d9e02506;1087;;;Высокопроизводительные вычисления;Безопасность компьютерных систем;Сбор и обработка данных с помощью краудсорсинга;Проектирование и разработка высоконагруженных сервисов;Методы сжатия и передачи медиаданных;Компьютерное зрение;Да;0,753623188;176;DevOps;
2020-05-18 18:14:39;fe631bea98b075dd781e11df3987533b;1085;;;Statistical Learning Theory;Моделирование временных рядов;Высокопроизводительные вычисления;Символьные вычисления;Конфликты и кооперация;Численные методы;Да;0,775362319;173;Введение в дифференциальную геометрию;
2020-05-18 18:22:26;f2e1cfc27a724879ac2a8c98004c14b0;981;;;Принятие решений в условиях риска и неопределённости;Моделирование временных рядов;Глубинное обучение в обработке звука;Обучение с подкреплением;Компьютерное зрение;Методы сжатия и передачи медиаданных;Да;0,97826087;173;DevOps;
2020-05-18 18:24:13;6338b6eeb16faedc58d30d2f45c89a4c;1132;;;Сбор и обработка данных с помощью краудсорсинга;Моделирование временных рядов;Анализ неструктурированных данных;Обучение с подкреплением;Конфликты и кооперация;Компьютерное зрение;Да;0,579710145;172;Соревновательный анализ данных;
2020-05-18 18:27:33;7fcf56aae6836855a689000a50e80360;1145;;;Безопасность компьютерных систем;Безопасность компьютерных систем;Безопасность компьютерных систем;Символьные вычисления;Символьные вычисления;Символьные вычисления;Да;0,536231884;173;Введение в дифференциальную геометрию;
2020-05-18 18:52:16;3da8ee30604398faa671135cebe8f982;1124;;;Statistical Learning Theory;Анализ неструктурированных данных;Сбор и обработка данных с помощью краудсорсинга;Обучение с подкреплением;Конфликты и кооперация;Компьютерное зрение;Да;0,615942029;174;Соревновательный анализ данных;
2020-05-18 19:08:48;48f0ae24c435e6d7330ffc82eec05483;1154;;;Безопасность компьютерных систем;Высокопроизводительные вычисления;Глубинное обучение в обработке звука;Проектирование и разработка высоконагруженных сервисов;Методы сжатия и передачи медиаданных;Компьютерное зрение;Да;0,514492754;176;DevOps;
2020-05-18 19:11:48;31c9900033ce01dd1365a6b6a350c3bb;1182;;;Глубинное обучение в обработке звука;Анализ неструктурированных данных;Байесовские методы машинного обучения;Обучение с подкреплением;Компьютерное зрение;Генеративные модели в машинном обучении;Да;0,405797101;171;DevOps;
2020-05-18 19:36:57;0c0cbdd1a309c1d1fd8993c4dc907bb5;1065;;;Безопасность компьютерных систем;Сбор и обработка данных с помощью краудсорсинга;Моделирование временных рядов;Компьютерное зрение;Методы сжатия и передачи медиаданных;Генеративные модели в машинном обучении;Да;0,833333333;172;Соревновательный анализ данных;
2020-05-18 19:58:36;9a66d84568b8017d98eb2e678b57296b;1205;;;Глубинное обучение в обработке звука;Анализ неструктурированных данных;Байесовские методы машинного обучения;Обучение с подкреплением;Генеративные модели в машинном обучении;Компьютерное зрение;Да;0,293478261;171;DevOps;
2020-05-18 20:00:36;573e2218c3fe3ffc1894edc12432d315;1131;;;Statistical Learning Theory;Анализ неструктурированных данных;Сбор и обработка данных с помощью краудсорсинга;Обучение с подкреплением;Конфликты и кооперация;Компьютерное зрение;Да;0,586956522;172;DevOps;
2020-05-18 20:23:36;9a66d84568b8017d98eb2e678b57296b;1205;;;Анализ неструктурированных данных;Глубинное обучение в обработке звука;Байесовские методы машинного обучения;Обучение с подкреплением;Генеративные модели в машинном обучении;Компьютерное зрение;Нет;0,293478261;171;DevOps;
2020-05-18 20:29:44;f602211b88a96890ce75e36a390705b8;1200;;;Анализ неструктурированных данных;Глубинное обучение в обработке звука;Байесовские методы машинного обучения;Генеративные модели в машинном обучении;Компьютерное зрение;Обучение с подкреплением;Да;0,333333333;172;Соревновательный анализ данных;
2020-05-18 20:32:09;e3b41563b7ea61def9fdd3623df1c783;1224;;;Анализ неструктурированных данных;Сбор и обработка данных с помощью краудсорсинга;Глубинное обучение в обработке звука;Обучение с подкреплением;Конфликты и кооперация;Компьютерное зрение;Да;0,224637681;171;Соревновательный анализ данных;
2020-05-18 20:43:19;7f98e4487c7a910567f2d841e5e764c3;1300;;;Анализ неструктурированных данных;Байесовские методы машинного обучения;Моделирование временных рядов;Обучение с подкреплением;Численные методы;Генеративные модели в машинном обучении;Да;0,050724638;174;Введение в дифференциальную геометрию;
2020-05-18 20:54:40;83981d0841bbb56201e68b2cba8dd87d;1191;;;Высокопроизводительные вычисления;Глубинное обучение в обработке звука;Сбор и обработка данных с помощью краудсорсинга;Методы сжатия и передачи медиаданных;Проектирование и разработка высоконагруженных сервисов;Конфликты и кооперация;Да;0,376811594;175;Соревновательный анализ данных;
2020-05-18 21:00:45;ffc04c64d068f8d85e4dc44e7f297ecc;1163;;;Байесовские методы машинного обучения;Statistical Learning Theory;Глубинное обучение в обработке звука;Обучение с подкреплением;Генеративные модели в машинном обучении;Компьютерное зрение;Нет;0,471014493;171;Соревновательный анализ данных;
2020-05-18 21:05:56;3d1f14bf03e6eee14d833c45ccff2283;1236;;;Высокопроизводительные вычисления;Анализ неструктурированных данных;Глубинное обучение в обработке звука;Проектирование и разработка высоконагруженных сервисов;Компьютерное зрение;Методы сжатия и передачи медиаданных;Да;0,195652174;175;DevOps;
2020-05-18 21:09:04;fa61e55c68763160d0fffe57dab37af9;1121;;;Анализ неструктурированных данных;Безопасность компьютерных систем;Сбор и обработка данных с помощью краудсорсинга;Обучение с подкреплением;Компьютерное зрение;Генеративные модели в машинном обучении;Да;0,630434783;172;DevOps;
2020-05-18 21:14:11;e0a59b2b04663ea386d2cac7b876952e;1091;;;Анализ неструктурированных данных;Безопасность компьютерных систем;Сбор и обработка данных с помощью краудсорсинга;Обучение с подкреплением;Компьютерное зрение;Конфликты и кооперация;Да;0,731884058;172;DevOps;
2020-05-18 21:20:14;ba4091ee80dd63a042464dbd2a7e3363;1022;;;Безопасность компьютерных систем;Сбор и обработка данных с помощью краудсорсинга;Моделирование временных рядов;Проектирование и разработка высоконагруженных сервисов;Методы сжатия и передачи медиаданных;Компьютерное зрение;Да;0,927536232;176;DevOps;
2020-05-18 21:29:51;aeb7bb1e047c392b7e5e39225cd86422;1039;;;Безопасность компьютерных систем;Моделирование временных рядов;Анализ неструктурированных данных;Проектирование и разработка высоконагруженных сервисов;Методы сжатия и передачи медиаданных;Обучение с подкреплением;Да;0,898550725;176;DevOps;
2020-05-18 21:31:01;75be5480aae801322ab8ee4b8f4517a3;1112;;;Глубинное обучение в обработке звука;Анализ неструктурированных данных;Сбор и обработка данных с помощью краудсорсинга;Обучение с подкреплением;Конфликты и кооперация;Методы сжатия и передачи медиаданных;Да;0,644927536;172;Соревновательный анализ данных;
2020-05-18 21:40:09;5a733a19a3bdad95c1b5eac59c5b764b;1207;;;Сбор и обработка данных с помощью краудсорсинга;Байесовские методы машинного обучения;Глубинное обучение в обработке звука;Проектирование и разработка высоконагруженных сервисов;Компьютерное зрение;Генеративные модели в машинном обучении;Да;0,275362319;175;DevOps;
2020-05-18 21:45:27;5ac46b96ef57b09c77dc50a6da3f39a5;1108;;;Анализ неструктурированных данных;Глубинное обучение в обработке звука;Моделирование временных рядов;Обучение с подкреплением;Методы сжатия и передачи медиаданных;Компьютерное зрение;Да;0,65942029;174;DevOps;
2020-05-18 21:46:54;d40cbae8cfc9e6c5d05831ef7e122f3e;1092;;;Безопасность компьютерных систем;Сбор и обработка данных с помощью краудсорсинга;Анализ неструктурированных данных;Проектирование и разработка высоконагруженных сервисов;Обучение с подкреплением;Компьютерное зрение;Да;0,724637681;172;DevOps;
2020-05-18 21:50:23;0a3bf60d68e9bcb118ba4b472eabebc8;1103;;;Безопасность компьютерных систем;Высокопроизводительные вычисления;Сбор и обработка данных с помощью краудсорсинга;Методы сжатия и передачи медиаданных;Проектирование и разработка высоконагруженных сервисов;Конфликты и кооперация;Да;0,688405797;175;Соревновательный анализ данных;
2020-05-18 22:02:44;22eda17f96bbf2d0fb857453e6101160;1198;;;Анализ неструктурированных данных;Сбор и обработка данных с помощью краудсорсинга;Безопасность компьютерных систем;Обучение с подкреплением;Конфликты и кооперация;Методы сжатия и передачи медиаданных;Да;0,347826087;174;DevOps;
2020-05-18 22:11:52;3eb1a783e55b0dd8bd2fa69eeeeecd4e;1196;;;Высокопроизводительные вычисления;Безопасность компьютерных систем;Моделирование временных рядов;Проектирование и разработка высоконагруженных сервисов;Методы сжатия и передачи медиаданных;Символьные вычисления;Да;0,362318841;176;DevOps;
2020-05-18 22:14:41;f98ac9a12b43a53c0fa44491cb56890c;1147;;;Байесовские методы машинного обучения;Анализ неструктурированных данных;Сбор и обработка данных с помощью краудсорсинга;Обучение с подкреплением;Компьютерное зрение;Генеративные модели в машинном обучении;Да;0,528985507;171;DevOps;
2020-05-18 22:15:29;d9c068e5578253c2b0721558dd0813e1;1075;;;Statistical Learning Theory;Анализ неструктурированных данных;Принятие решений в условиях риска и неопределённости;Конфликты и кооперация;Обучение с подкреплением;Символьные вычисления;Да;0,807971014;174;DevOps;
2020-05-18 22:16:06;eb1d7205d913319ef3d48e0719839849;1127;;;Безопасность компьютерных систем;Байесовские методы машинного обучения;Statistical Learning Theory;Обучение с подкреплением;Символьные вычисления;Генеративные модели в машинном обучении;Да;0,608695652;172;DevOps;
2020-05-18 22:20:03;67e4ec4fe5c0601815692fbd6d403fb7;1335;;;Байесовские методы машинного обучения;Глубинное обучение в обработке звука;Statistical Learning Theory;Обучение с подкреплением;Проектирование и разработка высоконагруженных сервисов;Генеративные модели в машинном обучении;Да;0,014492754;171;DevOps;
2020-05-18 22:39:56;7af276b31fb741aa81baa85aa5c82bd9;1158;;;Высокопроизводительные вычисления;Сбор и обработка данных с помощью краудсорсинга;Байесовские методы машинного обучения;Проектирование и разработка высоконагруженных сервисов;Методы сжатия и передачи медиаданных;Генеративные модели в машинном обучении;Да;0,5;176;DevOps;
2020-05-18 22:40:29;d9c068e5578253c2b0721558dd0813e1;1075;;;Анализ неструктурированных данных;Statistical Learning Theory;Принятие решений в условиях риска и неопределённости;Конфликты и кооперация;Обучение с подкреплением;Символьные вычисления;Нет;0,807971014;174;DevOps;
2020-05-18 22:40:33;338374a0f16d72f8c9066ca658c1ee04;1104;;;Анализ неструктурированных данных;Сбор и обработка данных с помощью краудсорсинга;Глубинное обучение в обработке звука;Обучение с подкреплением;Генеративные модели в машинном обучении;Компьютерное зрение;Да;0,68115942;174;DevOps;
2020-05-18 22:43:01;dc7f705ae386b0457542a833571d51d0;1307;;;Высокопроизводительные вычисления;Моделирование временных рядов;Байесовские методы машинного обучения;Проектирование и разработка высоконагруженных сервисов;Методы сжатия и передачи медиаданных;Обучение с подкреплением;Нет;0,043478261;173;DevOps;
2020-05-18 22:43:07;de539be8b29b3afa002184e28d63c670;1015;;;Анализ неструктурированных данных;Безопасность компьютерных систем;Глубинное обучение в обработке звука;Обучение с подкреплением;Методы сжатия и передачи медиаданных;Проектирование и разработка высоконагруженных сервисов;Да;0,949275362;173;DevOps;
2020-05-18 22:44:25;1d30f1c70a51faa60f497fe959851731;1197;;;Анализ неструктурированных данных;Глубинное обучение в обработке звука;Сбор и обработка данных с помощью краудсорсинга;Обучение с подкреплением;Генеративные модели в машинном обучении;Компьютерное зрение;Да;0,355072464;171;Соревновательный анализ данных;
2020-05-18 22:52:12;d9133abde61da78a0b956af5dad1228a;1223;;;Байесовские методы машинного обучения;Сбор и обработка данных с помощью краудсорсинга;Анализ неструктурированных данных;Обучение с подкреплением;Генеративные модели в машинном обучении;Компьютерное зрение;Да;0,231884058;171;DevOps;
2020-05-18 22:52:41;b243a77fa09641c7f0a0b7dfb7a541df;1294;;;Высокопроизводительные вычисления;Безопасность компьютерных систем;Моделирование временных рядов;Методы сжатия и передачи медиаданных;Проектирование и разработка высоконагруженных сервисов;Численные методы;Нет;0,065217391;175;DevOps;
2020-05-18 22:55:45;6a93fcbc79d0df6ddeba3b46739fc3d8;1286;;;Глубинное обучение в обработке звука;Анализ неструктурированных данных;Моделирование временных рядов;Компьютерное зрение;Генеративные модели в машинном обучении;Обучение с подкреплением;Да;0,079710145;171;Соревновательный анализ данных;
2020-05-18 22:59:49;50f6d5b6a7fd6c8b1b8959f9ce1f808d;1086;;;Глубинное обучение в обработке звука;Анализ неструктурированных данных;Моделирование временных рядов;Обучение с подкреплением;Методы сжатия и передачи медиаданных;Проектирование и разработка высоконагруженных сервисов;Да;0,764492754;174;DevOps;
2020-05-18 23:01:20;ba028043babda44219f3346809874ca3;1174;;;Безопасность компьютерных систем;Глубинное обучение в обработке звука;Сбор и обработка данных с помощью краудсорсинга;Проектирование и разработка высоконагруженных сервисов;Компьютерное зрение;Обучение с подкреплением;Да;0,427536232;175;DevOps;
2020-05-18 23:01:40;01b072a0cdb45814fc4ab8ca3e621f0e;1058;;;Анализ неструктурированных данных;Сбор и обработка данных с помощью краудсорсинга;Моделирование временных рядов;Обучение с подкреплением;Компьютерное зрение;Символьные вычисления;Да;0,847826087;173;Соревновательный анализ данных;
2020-05-18 23:01:42;842a87d59de90b711fe3266830fe608c;1188;;;Высокопроизводительные вычисления;Безопасность компьютерных систем;Безопасность компьютерных систем;Проектирование и разработка высоконагруженных сервисов;Методы сжатия и передачи медиаданных;Компьютерное зрение;Нет;0,384057971;175;DevOps;
2020-05-18 23:04:30;1021c681cf4b273ed4905d431e4c17ce;1165;;;Сбор и обработка данных с помощью краудсорсинга;Принятие решений в условиях риска и неопределённости;Анализ неструктурированных данных;Конфликты и кооперация;Численные методы;Символьные вычисления;Да;0,463768116;174;Введение в дифференциальную геометрию;
2020-05-18 23:07:15;7378a3c0caf8ce5fdbb1e4370b346cb7;1043;;;Глубинное обучение в обработке звука;Моделирование временных рядов;Безопасность компьютерных систем;Методы сжатия и передачи медиаданных;Компьютерное зрение;Обучение с подкреплением;Да;0,891304348;174;DevOps;
2020-05-18 23:10:46;07b6ce7fd93bde95ce5fe14a5131a960;1160;;;Безопасность компьютерных систем;Сбор и обработка данных с помощью краудсорсинга;Высокопроизводительные вычисления;Проектирование и разработка высоконагруженных сервисов;Методы сжатия и передачи медиаданных;Конфликты и кооперация;Да;0,485507246;176;DevOps;
2020-05-18 23:12:29;d539461bf254cf8b3201cdf7990b119e;964;;;Анализ неструктурированных данных;Глубинное обучение в обработке звука;Statistical Learning Theory;Обучение с подкреплением;Компьютерное зрение;Проектирование и разработка высоконагруженных сервисов;Да;0,992753623;174;DevOps;
2020-05-18 23:13:31;085da16dd3062b4790c3dabdc08a51cf;1048;;;Безопасность компьютерных систем;Сбор и обработка данных с помощью краудсорсинга;Высокопроизводительные вычисления;Проектирование и разработка высоконагруженных сервисов;Методы сжатия и передачи медиаданных;Проектирование и разработка высоконагруженных сервисов;Да;0,876811594;176;DevOps;
2020-05-18 23:24:49;50f6d5b6a7fd6c8b1b8959f9ce1f808d;1086;;;Анализ неструктурированных данных;Глубинное обучение в обработке звука;Моделирование временных рядов;Обучение с подкреплением;Методы сжатия и передачи медиаданных;Проектирование и разработка высоконагруженных сервисов;Нет;0,764492754;174;DevOps;
2020-05-18 23:25:15;31e38f7596f83b72ebba1c6fc6b7a590;1220;;;Безопасность компьютерных систем;Высокопроизводительные вычисления;Сбор и обработка данных с помощью краудсорсинга;Методы сжатия и передачи медиаданных;Проектирование и разработка высоконагруженных сервисов;Конфликты и кооперация;Нет;0,239130435;176;DevOps;
2020-05-18 23:29:38;b42de1b3235e9e84b43f38ff282cdfb9;1219;;;Высокопроизводительные вычисления;Байесовские методы машинного обучения;Анализ неструктурированных данных;Обучение с подкреплением;Символьные вычисления;Компьютерное зрение;Да;0,246376812;175;DevOps;
2020-05-18 23:38:25;b65194fec33b2358296f74f6d948efdf;1268;;;Высокопроизводительные вычисления;Глубинное обучение в обработке звука;Моделирование временных рядов;Методы сжатия и передачи медиаданных;Проектирование и разработка высоконагруженных сервисов;Конфликты и кооперация;Да;0,123188406;175;DevOps;
2020-05-18 23:43:02;b739739c7080a6e15f962c3863021855;1003;;;Анализ неструктурированных данных;Высокопроизводительные вычисления;Сбор и обработка данных с помощью краудсорсинга;Конфликты и кооперация;Методы сжатия и передачи медиаданных;Компьютерное зрение;Да;0,956521739;174;Соревновательный анализ данных;
2020-05-18 23:44:57;bb29d9b9230528a4873f91abce2095b8;1313;;;Безопасность компьютерных систем;Высокопроизводительные вычисления;Анализ неструктурированных данных;Методы сжатия и передачи медиаданных;Проектирование и разработка высоконагруженных сервисов;Символьные вычисления;Да;0,036231884;175;DevOps;
2020-05-18 23:54:25;cef24632489091cb8c085688b7d78dec;1095;;;Глубинное обучение в обработке звука;Сбор и обработка данных с помощью краудсорсинга;Анализ неструктурированных данных;Обучение с подкреплением;Генеративные модели в машинном обучении;Компьютерное зрение;Нет;0,717391304;172;Соревновательный анализ данных;
2020-05-18 23:56:39;bb9bbd259ab6b8170a7dc6fb35695d13;1285;;;Безопасность компьютерных систем;Высокопроизводительные вычисления;Высокопроизводительные вычисления;Методы сжатия и передачи медиаданных;Проектирование и разработка высоконагруженных сервисов;Конфликты и кооперация;Да;0,086956522;175;DevOps;
2020-05-18 23:58:07;2c0a8cb6662b9a0a0a5d2d1214442767;1107;;;Анализ неструктурированных данных;Глубинное обучение в обработке звука;Моделирование временных рядов;Обучение с подкреплением;Компьютерное зрение;Конфликты и кооперация;Да;0,666666667;172;Соревновательный анализ данных;
2020-05-18 23:58:34;8fe79f84f36e3a5d2d6745621321302c;1016;;;Безопасность компьютерных систем;Высокопроизводительные вычисления;Сбор и обработка данных с помощью краудсорсинга;Конфликты и кооперация;Проектирование и разработка высоконагруженных сервисов;Символьные вычисления;Да;0,942028986;174;DevOps;
2020-05-18 23:59:21;f93afd8e92c336b471aa3bbbc579aefe;1298;;;Высокопроизводительные вычисления;Сбор и обработка данных с помощью краудсорсинга;Statistical Learning Theory;Методы сжатия и передачи медиаданных;Проектирование и разработка высоконагруженных сервисов;Конфликты и кооперация;Да;0,057971014;175;DevOps;
2020-05-18 23:59:29;9963fc00d9405a35b894cc04a7e19855;1135;;;Безопасность компьютерных систем;Высокопроизводительные вычисления;Безопасность компьютерных систем;Проектирование и разработка высоконагруженных сервисов;Методы сжатия и передачи медиаданных;Символьные вычисления;Да;0,572463768;175;DevOps;
2020-05-19 08:55:40;98c5a2548d93f26bd4195466e93178b3;1035;;;Байесовские методы машинного обучения;Глубинное обучение в обработке звука;Statistical Learning Theory;Обучение с подкреплением;Генеративные модели в машинном обучении;Методы сжатия и передачи медиаданных;Нет;0,905797101;171;DevOps;
2020-05-19 18:58:06;ba298cbd9be59b84bab33325e956f27e;1155;;;Сбор и обработка данных с помощью краудсорсинга;Байесовские методы машинного обучения;Анализ неструктурированных данных;Конфликты и кооперация;Обучение с подкреплением;Компьютерное зрение;Да;0,507246377;171;Соревновательный анализ данных;
2020-05-19 19:04:18;c5870b37ee3f672e4259dfb2fc02ed8f;1029;;;Statistical Learning Theory;Анализ неструктурированных данных;Сбор и обработка данных с помощью краудсорсинга;Обучение с подкреплением;Конфликты и кооперация;Компьютерное зрение;Да;0,920289855;174;DevOps;
2020-05-19 20:19:26;f44aea1095f9f5b8e2f5f0ed2b17891b;1060;;;Анализ неструктурированных данных;Высокопроизводительные вычисления;Моделирование временных рядов;Конфликты и кооперация;Обучение с подкреплением;Численные методы;Да;0,84057971;174;DevOps;
2020-05-20 11:54:38;d7118b44c7e8fdbbaaca226d2da6fef1;1111;;;Сбор и обработка данных с помощью краудсорсинга;Statistical Learning Theory;Анализ неструктурированных данных;Проектирование и разработка высоконагруженных сервисов;Методы сжатия и передачи медиаданных;Численные методы;Да;0,652173913;173;Соревновательный анализ данных;
2020-05-23 21:16:41;79d14db48e4737af731960ae212d5134;966;;;Безопасность компьютерных систем;Принятие решений в условиях риска и неопределённости;Анализ неструктурированных данных;Проектирование и разработка высоконагруженных сервисов;Методы сжатия и передачи медиаданных;Компьютерное зрение;Да;0,985507246;172;DevOps;
2020-05-23 21:16:41;f2d210ace25a841e1e58036b257d5d47;1195;;;Анализ неструктурированных данных;Моделирование временных рядов;Высокопроизводительные вычисления;Обучение с подкреплением;Компьютерное зрение;Методы сжатия и передачи медиаданных;;0,369565217;176;Соревновательный анализ данных;